Item_ID,Platform,Search_Term,URL,Title_Caption,Creator_Name,Snippet,Position
WEB-01,Website,how to start exercising,https://www.mayoclinic.org/healthy-lifestyle/fitness/in-depth/fitness/art-20048269,Fitness program: 5 steps to get started,https://www.mayoclinic.org › Healthy Lifestyle › Fitness,Start slowly and build up gradually. Give yourself plenty of time to warm up and cool down with easy walking or gentle stretching.Read more,1
WEB-02,Website,how to start exercising,https://www.reddit.com/r/selfimprovement/comments/x7jgkr/how_the_hell_does_one_start_exercising/,How the hell does one start “exercising”? : r/selfimprovement,Reddit › r/selfimprovement,"Bodyweight exercises, walking, dancing are good ways to get started. Don't do anything you don't like. Start with an amount of time that works ...Read more",2
WEB-03,Website,how to start exercising,https://www.helpguide.org/wellness/fitness/how-to-start-exercising-and-stick-to-it,How to Start Exercising and Stick to It,https://www.helpguide.org › ... › Exercise & Fitness,"Warm up with dynamic stretches—active movements that warm and flex the muscles you'll be using, such as leg kicks, walking lunges, or arm swings—and by doing a ...Read more",3
WEB-04,Website,how to start exercising,https://www.cdc.gov/healthy-weight-growth/physical-activity/getting-started.html,Steps for Getting Started With Physical Activity,https://www.cdc.gov › healthy-weight-growth › getting...,"Set aside specific times in your routine to be physically active. This diary might help. Start with activities, locations, and times you enjoy.Read more",4
WEB-05,Website,how to start exercising,https://www.planetfitness.com/blog/articles/beginner-workout-plan-your-first-week-gym,A Beginner Workout Plan for Your First Week in the Gym,https://www.planetfitness.com › blog › articles › beginn...,"This guide will outline the benefits of starting a regular gym routine, invaluable tips for beginners at the gym, and three great beginner workouts.Read more",5
WEB-06,Website,how to start exercising,https://www.youtube.com/watch?v=Yq3EMpaRPcE,The BEST WAY TO START WORKING OUT FOR BEGINNERS,YouTube › CHRIS HERIA,"The first thing people want to do when they start working out is burn fat or build muscle without the proper foundation, experience ,and ...",6
WEB-07,Website,how to start exercising,https://www.health.harvard.edu/staying-healthy/how-to-start-exercising-if-youre-out-of-shape-,How to start exercising if you're out of shape,https://www.health.harvard.edu › staying-healthy › how...,Try some low-impact activities to ease into an exercise routine. You know that regular exercise is good for your heart.Read more,7
WEB-08,Website,how to start exercising,https://www.heart.org/en/healthy-living/fitness/getting-active/getting-started---tips-for-long-term-exercise-success,Getting Started: Tips for Long-term Exercise Success,https://www.heart.org › fitness › getting-active › getting-...,Start slowly. Gradually build up to at least 30 minutes of activity on most or all days of the week (or whatever your health care professional ...Read more,8
WEB-09,Website,how to start exercising,https://www.nhs.uk/live-well/exercise/,Exercise,https://www.nhs.uk › live-well › exercise,"General health and fitness guidelines for adults aged 19 to 64, including tips on how to achieve 150 minutes of moderate intensity activity a week.",9
WEB-10,Website,how to start exercising,https://www.nytimes.com/2024/01/05/well/move/fitness-workout-new-year.html,How to Start Working Out Again,https://www.nytimes.com › Well › Move,To start: Try body weight exercises like push-ups or squats at home or use weight machines at a gym. Most experts recommend doing three sets of ...Read more,10
WEB-11,Website,best exercises to lose weight,https://www.mayoclinic.org/healthy-lifestyle/weight-loss/in-depth/exercise/art-20050999,Exercise for weight loss: Calories burned in 1 hour,https://www.mayoclinic.org › ... › Weight loss,"Trying to lose weight or at least not gain more? Find out how many calories are burned by an hour walking, swimming or biking.",1
WEB-12,Website,best exercises to lose weight,https://www.webmd.com/fitness-exercise/ss/slideshow-exercises-weightloss,Best Exercises for Weight Loss,https://www.webmd.com › ... › Slideshows,Best Exercises for Weight Loss · Exercise? Me? · Walking · Jumping Rope · High-Intensity Interval Training (HIIT) · Cycling · Swimming · Strength ...Read more,2
WEB-13,Website,best exercises to lose weight,https://www.bhf.org.uk/informationsupport/heart-matters-magazine/activity/best-exercise-to-lose-belly-fat,What's the best exercise to lose fat around your belly?,https://www.bhf.org.uk › informationsupport › activity,"More vigorous high intensity exercises include brisk walking, dancing, running or swimming. A woman gardening outside carrying a basket of vegetables. If you're ...Read more",3
WEB-14,Website,best exercises to lose weight,https://www.health.harvard.edu/staying-healthy/simple-math-equals-easy-weight-loss,Exercise and weight loss: A formula for success,https://www.health.harvard.edu › staying-healthy › sim...,"To lose one pound by exercising, you need to burn approximately 3,500 calories. It can take days of moderate exercise to do this. A better ...Read more",4
WEB-15,Website,best exercises to lose weight,https://www.muscleandstrength.com/workouts/beginner-fat-loss-workout,8 Week Fat Loss Workout for Beginners,https://www.muscleandstrength.com › workouts › begin...,This 4-day program is designed to help you burn fat without burning too much time on the clock. You'll also learn the basics of fat loss nutrition and recovery.Read more,5
WEB-16,Website,best exercises to lose weight,https://www.youtube.com/watch?v=Fz89dJTZsko,Everything That Burns More Fat Than Jogging,YouTube › Jeremy Ethier,We found it using the world's most accurate calorie tracker to test 12 popular cardio exercises measuring not just total calories but fat burn.,6
WEB-17,Website,best exercises to lose weight,https://armourbody.com/blog/best-exercises-to-lose-weight-fast,8 Best Exercises to Lose Weight Fast,https://armourbody.com › blog › best-exercises-to-lose-...,"Find the best exercises to lose weight fast, backed by science. Get practical tips for effective workouts that help you burn fat and build ...",7
WEB-18,Website,best exercises to lose weight,https://www.womenshealthmag.com/fitness/a70098294/best-calorie-burning-exercises-ranked/,"Best Calorie Burning Exercises, Ranked By Fitness Experts",https://www.womenshealthmag.com › Fitness › Cardio,"This list ranks the calorie burn of the best cardio and strength workouts for weight loss, and how to burn more calories in any workout, ...",8
WEB-19,Website,best exercises to lose weight,https://www.sciencefocus.com/the-human-body/weight-loss-theories,Here's the only science-backed lesson on exercise you ...,https://www.sciencefocus.com › weight-loss-theories,"A growing body of evidence suggests that exercise, on its own, has far less of an impact on your weight than you might think.Read more",9
WEB-20,Website,best exercises to lose weight,https://www.totalwellbeingdiet.com/au/resources/guides/the-best-weight-loss-exercises/,The Best Weight Loss Exercises,https://www.totalwellbeingdiet.com › resources › guides,Vigorous exercise · running · fast cycling · aerobics · high intensity interval training · organised sports. Resistance exercise. Activities that help to ...Read more,10
WEB-21,Website,strength training for beginners,https://www.nytimes.com/2026/01/10/well/move/strength-training-isometric-exercises.html,"A Beginner Strength Workout, No Equipment Required",https://www.nytimes.com › Well › Move,Strength circuit · Split squat isometric · Push-up isometric · Kickstand deadlift with overhead reach · Side plank · Hollow body hold.Read more,1
WEB-22,Website,strength training for beginners,https://www.healthdirect.gov.au/strength-training-for-beginners,Strength training for beginners,https://www.healthdirect.gov.au › strength-training-for-...,Strength training includes exercises with weights or resistance. Learn how it can benefit both your physical and mental health.,2
WEB-23,Website,strength training for beginners,https://www.goldsgym.com/blog/beginner-gym-workout-for-strength-training/,Gym Workouts for Beginners — Strength Training,https://www.goldsgym.com › blog › beginner-gym-wor...,Strength Training: Beginner Gym Workout Plan · Warm-up · Squats · Push-ups · Bent-over dumbbell rows · Planks · Dumbbell shoulder presses.Read more,3
WEB-24,Website,strength training for beginners,https://www.self.com/story/8-strength-exercises,The 8 Best Strength-Training Exercises for Beginners,https://www.self.com › Fitness › strength training,The Best Strength-Training Exercises for Beginners to Get Stronger · 8 beginner-friendly strength exercises · 1. Squat · 2. Deadlift · 3. Glute ...Read more,4
WEB-25,Website,strength training for beginners,https://www.nerdfitness.com/blog/strength-training-101-where-do-i-start/,5 Strength Training Workouts (for Beginners),https://www.nerdfitness.com › Weight Loss,The 9 Best Strength Training Exercises to Learn · 1. Push-up: · 2. Bodyweight squat · 3. Bodyweight row: · 4. Pull-up or chin-up: · 5.Read more,5
WEB-26,Website,strength training for beginners,https://www.verywellfit.com/complete-beginners-guide-to-strength-training-1229585,Strength Training: A Beginner's Guide to Getting Stronger,https://www.verywellfit.com › complete-beginners-guid...,Use our beginner strength training guide to begin losing weight and building muscle. We break it down and make it simple.,6
WEB-27,Website,strength training for beginners,https://www.westside-barbell.com/blogs/the-blog/strength-training-for-beginners-a-westside-barbell-guide?srsltid=AfmBOop9ghj11_ceSC93CrjeKcji_cPZRoff9c98pojuEztU83bGFzAT,Strength Training for Beginners: A Westside Barbell Guide,https://www.westside-barbell.com › blogs › the-blog › str...,I'm going to teach you everything you need to know when it comes to strength training for beginners and even give you a beginner weight training plan.Read more,7
WEB-28,Website,strength training for beginners,https://www.planetfitness.com/blog/articles/beginner-workout-plan-your-first-week-gym,A Beginner Workout Plan for Your First Week in the Gym,https://www.planetfitness.com › blog › articles › beginn...,Strength Training: Strength training exercises help build muscle and bone mass. Some good strength training exercises for beginners include: Squats. Lunges.,8
WEB-29,Website,strength training for beginners,https://www.reddit.com/r/workout/comments/1ik4rw5/my_simple_routine_that_i_would_recommend_to_all/,My simple routine that I would recommend to ALL ...,Reddit › r/workout,Beginners need general physical preparedness. Work all the muscles of the body. Follow any beginner body building program you can find online.Read more,9
WEB-30,Website,strength training for beginners,https://hydrow.com/blog/12-beginner-strength-training-exercises-to-add-to-your-workout-routine/,12 Beginner Strength-Training Exercises to Add to Your ...,https://hydrow.com › blog › 12-beginner-strength-traini...,12 beginner strength training exercises to add to your workout routine · 1. Squats · 2. Forearm planks · 3. Step-up exercises · 4. Biceps curls.Read more,11
WEB-31,Website,physical activity guidelines,https://odphp.health.gov/our-work/nutrition-physical-activity/physical-activity-guidelines,Physical Activity Guidelines for Americans | odphp.health.gov,https://odphp.health.gov › nutrition-physical-activity › p...,The Physical Activity Guidelines for Americans is a flagship resource for health professionals and policymakers that provides recommendations on how everyone ...Read more,1
WEB-32,Website,physical activity guidelines,https://www.heart.org/en/healthy-living/fitness/fitness-basics/aha-recs-for-physical-activity-in-adults,AHA Physical Activity Recommendations ...,https://www.heart.org › fitness › fitness-basics › aha-recs...,"Get at least 150 minutes per week of moderate-intensity aerobic activity or 75 minutes per week of vigorous aerobic activity, or a combination ...Read more",2
WEB-33,Website,physical activity guidelines,https://www.cdc.gov/physical-activity-basics/guidelines/adults.html,Adult Activity: An Overview | Physical Activity Basics,https://www.cdc.gov › guidelines › adults,"According to the current Physical Activity Guidelines for Americans, adults need 150 minutes of moderate-intensity physical activity a week.Read more",3
WEB-34,Website,physical activity guidelines,https://www.who.int/initiatives/behealthy/physical-activity,Physical activity,https://www.who.int › Initiatives › Be healthy be mobile,Should do at least 60 minutes of moderate to vigorous-intensity physical activity daily. · Should do at least 150 minutes of moderate-intensity physical activity ...Read more,4
WEB-35,Website,physical activity guidelines,https://acsm.org/education-resources/trending-topics-resources/physical-activity-guidelines/,Physical Activity Guidelines,https://acsm.org › ... › Trending Topics & Resources,"All healthy adults aged 18–65 years should participate in moderate intensity aerobic physical activity for a minimum of 30 minutes on five days per week, or ...Read more",5
WEB-36,Website,physical activity guidelines,https://www.nia.nih.gov/health/exercise-and-physical-activity,Exercise and physical activity - National Institute on Aging - NIH,https://www.nia.nih.gov › health › exercise-and-physical...,Older man lifting weights. What are the three types of exercise? Learn how older adults can include all three as part of physical activity guidelines.Read more,6
WEB-37,Website,physical activity guidelines,https://www.nhs.uk/live-well/exercise/physical-activity-guidelines-for-adults-aged-19-to-64/,Physical activity guidelines for adults aged 19 to 64,https://www.nhs.uk › Healthy living › Exercise,Adults should do some type of physical activity every day. Exercise just once or twice a week can reduce the risk of heart disease or stroke. Speak to your GP ...Read more,7
WEB-38,Website,physical activity guidelines,https://www.cdc.gov/physical-activity-education/guidelines/index.html,Physical Activity Guidelines for School-Aged Children and ...,https://www.cdc.gov › physical-activity-education › gui...,The Physical Activity Guidelines for Americans states that school-aged youth should do 60 minutes or more of physical activity daily.Read more,8
WEB-39,Website,physical activity guidelines,https://odphp.health.gov/our-work/nutrition-physical-activity/physical-activity-guidelines/current-guidelines,Current Guidelines | odphp.health.gov,https://odphp.health.gov › physical-activity-guidelines,The Physical Activity Guidelines for Americans provides evidence-based guidance to help Americans maintain or improve their health through physical activity.Read more,9
WEB-40,Website,physical activity guidelines,https://scholar.google.com/scholar?q=physical+activity+guidelines&hl=en&as_sdt=0&as_vis=1&oi=scholart,Scholarly articles for physical activity guidelines,‎Piercy,,10
WEB-41,Website,home workout routine,https://www.healthline.com/health/fitness-exercise/at-home-workouts,30 Moves to Make the Most of Your At-Home Workout,https://www.healthline.com › health › fitness-exercise,Beginner routine · Bridge · Chair squat · Knee pushup · Stationary lunge · Plank to Downward Dog · Straight-leg donkey kick · Bird Dog · Forearm plank.Read more,1
WEB-42,Website,home workout routine,https://www.nerdfitness.com/blog/the-7-best-at-home-workout-routines-the-ultimate-guide-for-training-without-a-gym/,The 10 Best at Home Workouts (No-Equipment!),https://www.nerdfitness.com › General,30-second knee or feet front plank (3 Sets) · 10 assisted squats or squats (3 Sets) · 10 doorway rows (3 Sets) · A 60-second Farmer-carry (Farmer's ...Read more,2
WEB-43,Website,home workout routine,https://hsc.unm.edu/_media/pdfs/rbhomeworkoutguide2020-3.pdf,HOME WORKOUT PLAN,https://hsc.unm.edu › rbhomeworkoutguide2020-3,Do an at home workout 4-6x/week (bonus points if you can do them outside)!. Put on some music/podcast and go for a long walk at least 3x/week. Track what you ...Read more,3
WEB-44,Website,home workout routine,https://www.muscleandstrength.com/workout-routines,Workout Routines Database: 1000+ Free Workout Plans,https://www.muscleandstrength.com › workout-routines,"Largest range of FREE workout routines available! Muscle building, fat loss, strength, abs, women's, fitness and more.",4
WEB-45,Website,home workout routine,https://www.nourishmovelove.com/fitness-beginner-workout-plan/,Beginner Workout Plan (30-Day Routine),https://www.nourishmovelove.com › fitness-beginner-w...,"The best beginner-friendly strength training exercises are simple but effective: squats, lunges, push-ups, rows, shoulder presses and deadlifts.Read more",5
WEB-46,Website,home workout routine,https://www.reddit.com/r/bodyweightfitness/wiki/kb/recommended_routine/,r/bodyweightfitness Guide: The Recommended Routine,https://www.reddit.com › bodyweightfitness › wiki › re...,"Sep 18, 2025 — Master the r/bodyweightfitness Recommended Routine! This guide provides a complete workout plan, progressions, FAQs, and resources to build ...",6
WEB-47,Website,home workout routine,https://www.utrecsports.org/public/upload/files/general/SP20_FW_PT_AtHome_Workouts_Strength.pdf,No Equipment Home Workouts: strength workouts,https://www.utrecsports.org › files › general › SP...,"At home, and with little or no equipment, the exercises themselves must become more challenging. This guide is designed to help you build or maintain strength ...Read more",7
WEB-48,Website,home workout routine,https://darebee.com/,DAREBEE - Home Workouts,https://darebee.com,"2300+ home workouts, FREE workouts, exercise programs, monthly challenges and fitness guides.",8
WEB-49,Website,home workout routine,https://www.nhs.uk/better-health/get-active/home-workout-videos/,Home workout videos,https://www.nhs.uk › better-health › get-active › home-...,Our easy 10-minute home workouts are a great way to get active – no equipment necessary and no need to leave the house. Let's do this!,9
WEB-50,Website,home workout routine,https://www.anytimefitness.com/blog/no-equipment-necessary-the-at-home-circuit-workout-you-can-do-anywhere,At-Home Circuit Workout — No Equipment Needed!,https://www.anytimefitness.com › Blog › Workouts,At-home Circuit Training Workout · Push-Ups · Burpees · Plank · Jump Lunges · Dolphin Push-Ups · Frog Squats · Tricep Dips · Wall Sit.Read more,10