Item_ID,Platform,Search_Term,URL,Title_Caption,Creator_Name,Date_Posted,Views,Likes,Comments,Content_Format,Hashtags
IG-01,Instagram,how to start exercising,https://www.instagram.com/p/DTN3lPlFMeo/,"Soooo true. I can’t explain it, but that’s how it works. 🤷🏾‍♀️  #startexercising  #starttoday  #moreenergy  #feelstronger #bettersleep",FitlifewithTheresa,2026-01-07T16:47:00.000Z,,2,,Carousel,"startexercising, starttoday, moreenergy, feelstronger, bettersleep"
IG-02,Instagram,how to start exercising,https://www.instagram.com/p/DSnxwnaEpH7/,"💥 FREE 5-Day Jumpstart Tips Guide - Comment “tips” below and I’ll send you the link for free!   Getting started with exercising again can be SO daunting, but here’s what ALWAYS works best:   ✅ Go for a 10-15 min walk every day to get your momentum going  ✅ One core exercise a day (choose from birddogs, planks, bridges, dead bugs…)  ✅ One posture exercise or stretch a day (rotational reaches, doorway chest stretch, upper back stretch…)  ✅ Maybe start adding in one balance exercise a day (single",Megan Dahlman,2025-12-23T21:44:59.000Z,,1174,210,Carousel,"startexercising, gettingstarted, beginnerfitness, agingstrong, menopausefitness"
IG-03,Instagram,how to start exercising,https://www.instagram.com/p/DSccObbEvtc/,"The ""Fresh Start"" Vibe ✨  Ready to trade ""resolution pressure"" for ""consistent progress""? Enrollment for the MAT 2 DREAMS FITNESS & YOGA by Sophia New Year Batch is officially open! ​Whether you're looking to build strength, find your flow, or simply carve out 45 minutes of peace in a busy day—get your mat ready. ​ DM on whatsapp for Joining the class  👉9074429086. #newyearyoga #newyearfitness #onlinefitness #freshstyle #startexercising",Mattodreams Bysophia,2025-12-19T12:05:10.000Z,,-1,,Carousel,"newyearyoga, newyearfitness, onlinefitness, freshstyle, startexercising"
IG-04,Instagram,how to start exercising,https://www.instagram.com/p/DSSvpaVDU3g/,"Get a head start of your New Year Health Goals!!!  I have day time PT SLOTS available.   WEDNESDAY 1300,1400  THURSDAY 1600, 1700  SATURDAY 1030,1130,1230  One to one OR train with a friend.   Adaptive fitness ♿️  Get in touch for details on how I can support your fitness journey. 🤗  #pt #personaltrainer #fitness #ﬁtnessgoals #2026 #fitnessjourney #startexercising #exercise #strengthttrainingforwomen #mensfitness #ladiesfitness #perimenopausefitness #menopausewellness #support #mentalhealth #ci",Natalie,2025-12-15T17:42:28.000Z,,5,2,Carousel,"pt, personaltrainer, fitness, ﬁtnessgoals, 2026, fitnessjourney, startexercising, exercise, strengthttrainingforwomen, mensfitness, ladiesfitness, perimenopausefitness, menopausewellness, support, mentalhealth, cimpsa, ladytrainer"
IG-05,Instagram,how to start exercising,https://www.instagram.com/p/DR_CgV8jfUC/,"DAY #1967 DO WHAT YOU LOVE ❤️❤️  SHARE MY JOURNEY!!  Stay Active, Positive and Beautiful   #biking #bicycle #bicyclelife #streak #daily #day1967 #30km #nodaysoff #nomattertheweather #noexcuses #extreme #getactive #startexercising #stayhealthy #simple #sunday #cloudy #dowhatyoulove #Areksontheroadagain",𝓐𝓻𝓴𝓪𝓭𝓲𝓾𝓼𝔃,2025-12-08T02:02:26.000Z,,1,,Carousel,"1967, biking, bicycle, bicyclelife, streak, daily, day1967, 30km, nodaysoff, nomattertheweather, noexcuses, extreme, getactive, startexercising, stayhealthy, simple, sunday, cloudy, dowhatyoulove, Areksontheroadagain"
IG-06,Instagram,how to start exercising,https://www.instagram.com/p/DRUl7zJCPhj/,"🎯ο σύγχρονος τρόπος ζωής  και η καθημερινότητα με την μεγάλη κατανάλωση επεξεργασμενων τροφών, το στρες ,τον κακό ύπνο και με την έλλειψη άσκησης, προκαλει στον οργανισμο μας,να αποθηκεύει  λίπος σε εσωτερικούς ιστούς. ⚠️ Βρίσκεται γύρω απο τα εσωτερικα οργανα σε φυσιολογικές ποσότητες λειτουργεί ως προστασία των οργάνων, αλλα με την αυξηση του παράγει ουσίες που επηρεάζουν αυτα τα οργανα !⚠️ Αυτο εχει σαν αποτέλεσμα να κινδυνεύει καποιος για   ●Αυξηση της χοληστερίνης >καρδιαγγειακα νοσήματα,",Well Vibe,2025-11-21T14:24:41.000Z,,7,1,Carousel,"wellvibe2024, fitnessmotivation, startexercising, healthylifestyle, exerciseforlife, wellnessjourney, fitinspiration, getactive, legdayworkout, moveyourbody, strongereveryday, ᴡᴏʀᴋᴏᴜᴛᴍᴏᴛɪᴠᴀᴛɪᴏɴ, personaltraining, dumbellrows, weightloss, fatloss, bettereveryday, consistency"
IG-07,Instagram,how to start exercising,https://www.instagram.com/p/DRQy3W2Df9O/,"DAY #1949 Another day, another dose of therapy!!  SHARE MY JOURNEY!!   Stay Active, Positive and Beautiful   #bicyclelife #bicycle #cyclist #streak #daily #day1949 #30km #nodaysoff #nomattertheweather #noexcuses #extreme #dedicated #disciplined #committed #healthiswealth #startexercising #feelbetter #simple #mytherapy #therapy #wednesday #partlysunny #partlycloudy #Areksontheroadagain",𝓐𝓻𝓴𝓪𝓭𝓲𝓾𝓼𝔃,2025-11-20T03:00:42.000Z,,1,,Carousel,"1949, bicyclelife, bicycle, cyclist, streak, daily, day1949, 30km, nodaysoff, nomattertheweather, noexcuses, extreme, dedicated, disciplined, committed, healthiswealth, startexercising, feelbetter, simple, mytherapy, therapy, wednesday, partlysunny, partlycloudy, Areksontheroadagain"
IG-08,Instagram,how to start exercising,https://www.instagram.com/p/DRMBtr-lAvd/,"I’ve been a busy personal trainer and parent of teen athletes for what feels like forever.  I know how easy it is to be “too busy to exercise” for many parents.  Trust me when I tell you, it’s easier to take care of yourself than you think.   And exercise is the easiest way. Plus it’s fun and very rewarding.  ⭐️Why This Works (Especially Restarting Exercise) * You’re repeating the same simple workout three times, which removes overwhelm * It builds confidence fast (“I can do this — even with my",Christina Caffiero,2025-11-18T06:34:15.000Z,,2,,Carousel,"elevatestrong, altezzafitness, strongparents, strongnotskinny, healthyfamily, startexercising, lagunaniguelpersonaltrainer, nasmcorrectiveexercisespecialist, trainerlife"
IG-09,Instagram,how to start exercising,https://www.instagram.com/p/DRIH0NADXqR/,Your line up!  Classes held at Unit 10 Mandale Business Park Lemington. Ne15 8sx   Find me at @ukfitness2 gym.   Classes for all!!   Come join a supportive tribe- with plenty of variety and a promise you will enjoy exercise!   Your first class is FREE!   To book- just download the free Gymcatch app and look for Fitness With Natalie.  OR just drop me a message. 🤗  No contracts  PAYG £10 per class   #fitnessforall #fitnessjourney #exerciseclasses #startexercising #fitnessfun #core #bootcamp #ladi,Natalie,2025-11-16T18:10:37.000Z,,2,,Carousel,"fitnessforall, fitnessjourney, exerciseclasses, startexercising, fitnessfun, core, bootcamp, ladiesfitness, mensfitness, newcastlefitness, gymclasses, friendlyfitness, goodvibesonly"
IG-10,Instagram,how to start exercising,https://www.instagram.com/p/DQMbW1cCLdR/,"🟢Σε οτι αφορά την φυσική μας κατασταση ,ο καθενας εχει εναν στοχο. Αν δεν υπαρχει στόχος, υπαρχει πρόβλημα.  Ακόμα και η διατήρηση της κατάστασης μας ,χρειαζεται έργο-συνεπεια-προσπαθεια.  🫵οποιοσδήποτε και αν ειναι ο στόχος σου ,κανένας δεν μπορει να σε αποθαρρύνει εκτός απο τον ιδιο σου τον εαυτό.-  ⚪️Το να ξεκινήσεις ειναι ΕΠΙΛΟΓΗ σου ,το να συνεχίσεις ΕΠΙΛΟΓΗ σου ,το να τα παρατήσεις ειναιΕΠΙΛΟΓΗ σου,το να προσπαθήσεις ειναι ΕΠΙΛΟΓΗ σου.-  🟢Για περισσότερους τρόπους και βίντεο  εκγύμνασης",Well Vibe,2025-10-24T13:46:56.000Z,,11,1,Carousel,"wellvibe2024, fitnessmotivation, startexercising, healthylifestyle, exerciseforlife, wellnessjourney, fitinspiration, getactive, moveypurbody, strongereveryday, ᴡᴏʀᴋᴏᴜᴛᴍᴏᴛɪᴠᴀᴛɪᴏɴ, personaltraining"
IG-11,Instagram,best exercises to lose weight,https://www.instagram.com/p/DVbMNNsjjEI/,"Nobody sees the early mornings!!!⁠ Nobody sees the discipline!⁠ Nobody sees the small decisions stacking up!⁠ ⁠ But your BODY does.⁠ ⁠ Your MIND does.⁠ ⁠ Every drop of sweat is a reminder that you chose EFFORT over excuses.⁠ ⁠ And as a woman who carries a lot — responsibility, pressure, expectations —⁠ moving your body is power.⁠ ⁠ It’s not punishment.⁠ It’s ownership baby⁠ ⁠ ⁠ #confidence #weightlosstips #weightlossworkout #healthylifestyle #fitnesspost",Fitness Rx 🏋🏼‍♀️ Fitness for Every Level,2026-03-03T14:00:36.000Z,,3,,Carousel,"confidence, weightlosstips, weightlossworkout, healthylifestyle, fitnesspost"
IG-12,Instagram,best exercises to lose weight,https://www.instagram.com/p/DVZlNN8EhyJ/,"Morgan called it positive and family oriented — and I think what she’s really reacting to is how NORMAL it feels in here.⁠ ⁠ No weird energy or ego ⁠ ⁠ You can show up tired, stressed, out of shape, coming back from a break — and nobody flinches!! ⁠ ⁠ That safety? 🖤⁠ That’s powerful.⁠ ⁠ #confidence #weightlosstips #weightlossworkout #healthylifestyle #fitnesspost",Fitness Rx 🏋🏼‍♀️ Fitness for Every Level,2026-03-02T23:00:21.000Z,,3,,Carousel,"confidence, weightlosstips, weightlossworkout, healthylifestyle, fitnesspost"
IG-13,Instagram,best exercises to lose weight,https://www.instagram.com/p/DVYyF9rjbfo/,"GLP-1 treatments are most effective when paired with regular movement. 🌿  GLP-1 works by regulating appetite, improving insulin sensitivity, and supporting metabolic function. During weight loss, however, the body can lose both fat and muscle. Movement helps signal the body to preserve lean muscle mass, which is essential for maintaining metabolism, strength, and energy levels.  Even 20 minutes of daily activity, such as walking, resistance training, or low-impact movement, can make a meaningfu",BOSTON MEDSPA & AESTHETICS,2026-03-02T15:36:02.000Z,,-1,,Carousel,"weightlosstipsforwomen, weightlossformen, weightlossdiaries, weightlosstip, weightlossworkout"
IG-14,Instagram,best exercises to lose weight,https://www.instagram.com/p/DVYEiqZmfWR/,SOOOOO .. I don’t believe in staying comfortable. 😛⁠ ⁠ Comfort is cute for a Sunday afternoon.⁠ It’s not cute for your goals!!!⁠ ⁠ Growth requires FRICTION.⁠ It requires you doing the thing you don’t FEEL like doing.⁠ It requires you lifting the weight you’re unsure about.⁠ ⁠ And here’s what I’ve learned — in business and in the gym:⁠ ⁠ The version of you that’s praying for more?⁠ She’s on the OTHER side of discomfort.⁠ ⁠ So when it gets hard… good!!! (I say this all the time lol)⁠ That means y,Fitness Rx 🏋🏼‍♀️ Fitness for Every Level,2026-03-02T08:55:40.000Z,,5,,Carousel,"confidence, weightlosstips, weightlossworkout, healthylifestyle"
IG-15,Instagram,best exercises to lose weight,https://www.instagram.com/p/DVUAtt8EzPk/,"Honestly at this point shes been here for more like 6 years -- that is what commitment looks like when it’s healthy.⁠ ⁠ Not extreme.⁠ Not obsessive.⁠ ⁠ Just consistent, adult decisions stacked over time.⁠ ⁠ At home⁠ On vacation⁠ Here in the gym⁠ ⁠ That’s how strength is built!!! (If you know Val -- you KNOW she's got that part down pat!)⁠ ⁠ ⁠ #confidence #weightlosstips #weightlossworkout #healthylifestyle #fitnesspost",Fitness Rx 🏋🏼‍♀️ Fitness for Every Level,2026-02-28T19:05:15.000Z,,6,1,Carousel,"confidence, weightlosstips, weightlossworkout, healthylifestyle, fitnesspost"
IG-16,Instagram,best exercises to lose weight,https://www.instagram.com/p/DVR-01xEtOF/,“I literally cannot recommend it enough.”⁠ ⁠ That’s not hype.⁠ ⁠ That’s someone who found her people. 🥹⁠ ⁠ Coaches who push.⁠ Classes that challenge.⁠ An environment where you’re allowed to grow. 🌱⁠ ⁠ ⁠ #confidence #weightlosstips #weightlossworkout #healthylifestyle #fitnesspost,Fitness Rx 🏋🏼‍♀️ Fitness for Every Level,2026-02-28T00:10:15.000Z,,7,1,Carousel,"confidence, weightlosstips, weightlossworkout, healthylifestyle, fitnesspost"
IG-17,Instagram,best exercises to lose weight,https://www.instagram.com/p/DVQA8QVjkI3/,Strength isn’t given!!!⁠ It’s BUILT!⁠ ⁠ It’s built in the early mornings.⁠ In the LAST rep.⁠ In the reps you don’t WANT to do.⁠ ⁠ Nobody can hand you confidence either.... ⁠ Nobody can hand you results..... ⁠ ⁠ But if you’re willing to work for it —⁠ We’ll be right here beside you. 🫡🥰⁠ ⁠ ⁠ #confidence #weightlosstips #weightlossworkout #healthylifestyle,Fitness Rx 🏋🏼‍♀️ Fitness for Every Level,2026-02-27T05:50:23.000Z,,8,2,Carousel,"confidence, weightlosstips, weightlossworkout, healthylifestyle"
IG-18,Instagram,best exercises to lose weight,https://www.instagram.com/p/DVPbLMrgFA9/,"“I actually enjoy waking up early.”⁠ ⁠ Read that again.⁠ ⁠ A grown woman with responsibilities (kids, work etc)⁠ choosing to wake up early… to lift weights.⁠ ⁠ Because she feels better after.⁠ Because she’s proud after!!!⁠ Because soreness hits different when it’s earned. 🌅🔥⁠ and because she's obviously a queen 👑⁠ ⁠ ⁠ #confidence #weightlosstips #weightlossworkout #healthylifestyle #fitnesspost",Fitness Rx 🏋🏼‍♀️ Fitness for Every Level,2026-02-27T00:20:16.000Z,,2,1,Carousel,"confidence, weightlosstips, weightlossworkout, healthylifestyle, fitnesspost"
IG-19,Instagram,best exercises to lose weight,https://www.instagram.com/p/DVMxzatktc0/,20+ pounds down.⁠ ⁠ But.........⁠ The weight isn’t the headline.⁠ ⁠ The headline is she committed to eight weeks and followed through!!!⁠ ⁠ That’s our girl!!! ⁠ ⁠ ⁠ #confidence #weightlosstips #weightlossworkout #healthylifestyle #fitnesspost,Fitness Rx 🏋🏼‍♀️ Fitness for Every Level,2026-02-25T23:40:15.000Z,,8,,Carousel,"confidence, weightlosstips, weightlossworkout, healthylifestyle, fitnesspost"
IG-20,Instagram,best exercises to lose weight,https://www.instagram.com/p/DVITHPQDbBp/,@smoothieonlysmoothie  🍇smoothie diet full plan🍎👇           Link in our bio  #fitnessmotivation #fitnesslife #workout #weightlossworkout #smoothierecipes,🍎smoothie diet lovers🍇,2026-02-24T05:54:57.000Z,,,,Carousel,"fitnessmotivation, fitnesslife, workout, weightlossworkout, smoothierecipes"
IG-21,Instagram,strength training for beginners,https://www.instagram.com/p/DVa0LB1FUM_/,"You want to start working out… but you’re scared of getting hurt again.⁠ ⁠ That hesitation? It makes sense.⁠ Most gyms throw you into random workouts and hope you figure it out.⁠ ⁠ At Courage Fitness Durham, we don’t do one-size-fits-all.⁠ ⁠ Our Quick Launch Program was built for people who want structure, support, and a real plan from day one.⁠ ⁠ Here’s what you actually get:⁠ ⁠ • A Day 1 Goal-Setting Session so we understand you, your history, your goals, your limits⁠ • Two 1:1 sessions inside",Courage Fitness Durham,2026-03-03T10:30:16.000Z,,1,1,Carousel,"CourageFitnessDurham, DurhamNCFitness, SemiPrivateCoaching, StrengthTrainingForBeginners, InjuryPreventionFitness"
IG-22,Instagram,strength training for beginners,https://www.instagram.com/p/DVPmtu7gZUc/,"It’s the end of February.  Be honest…  How are those New Year’s resolutions going?  If you joined a cheap box gym in January, you’re not alone. They absolutely serve a purpose. They provide access and affordability.  But here’s the real question:  Have you seen progress?  Or have you: • Walked on the treadmill a few times • Done a couple random machines • Skipped days because you weren’t sure what to do • Slowly started going less  Most people don’t fail because they’re lazy. They fail because t",Farrell’s - Maple Grove,2026-02-27T02:00:53.000Z,,8,1,Carousel,"MapleGroveMN, MapleGroveFitness, BusyMomFitness, BusyDadLife, StrengthTrainingForWomen, StrengthTrainingForBeginners, StartWhereYouAre, Over40Fitness, MuscleOverCardio, ConfidenceThroughStrength, NoMoreStartingOver, FitnessWithoutFear, ResultsDriven, RealCoaching, DaleStrong"
IG-23,Instagram,strength training for beginners,https://www.instagram.com/p/DVNIsvGDH5s/,"Everyone is a beginner when they join Farrell's Maple Grove!   One of the biggest misconceptions about starting a fitness routine is that you need to go all in, you have to be in shape, or need to be a certain age or weight to start.  You don’t.  You start slower than you think. You focus on form. You build strength safely. You fuel your body properly.  This isn’t about punishment. It’s about learning how to train in a way that actually works.  Every person you see confident in this gym once fel",Farrell’s - Maple Grove,2026-02-26T03:00:07.000Z,,4,1,Carousel,"MapleGroveMN, MapleGroveFitness, BusyMomFitness, BusyDadLife, StrengthTrainingForWomen, StrengthTrainingForBeginners, StartWhereYouAre, Over40Fitness, MuscleOverCardio, ConfidenceThroughStrength, NoMoreStartingOver, FitnessWithoutFear, ResultsDriven, RealCoaching, DaleStrong"
IG-24,Instagram,strength training for beginners,https://www.instagram.com/p/DVKdD55DbPT/,"If you’ve been watching from a distance because you’re worried you won’t be able to keep up… this is for you.  Here's the truth, we have every level of fitness on this mat.  Busy moms. Dads restarting. People who haven't worked out in years Friends celebrating retirement Former athletes. True beginners. Members coming off injuries.  No one walks in “ready.”  Your first week isn’t about crushing it. It’s about learning how your body moves.  You have options. You choose your level. You take breaks",Farrell’s - Maple Grove,2026-02-25T02:00:19.000Z,,3,1,Carousel,"MapleGroveMN, MapleGroveFitness, BusyMomFitness, BusyDadLife, StrengthTrainingForWomen, StrengthTrainingForBeginners, StartWhereYouAre, Over40Fitness, MuscleOverCardio, ConfidenceThroughStrength, NoMoreStartingOver, FitnessWithoutFear, ResultsDriven, RealCoaching, DaleStrong, MuscleMatters, ProtectYourMetabolism, BuildStrengthNotFear"
IG-25,Instagram,strength training for beginners,https://www.instagram.com/p/DVBmjw6DiJG/,"If you’re ready to start strength training safely, then we’re hoping to see you next Thursday!  Expert instruction, zero guesswork and a plan to take home.  For more details or to register for the Strong Foundations Workshop head to link in our bio.   #happyhealthywealthy #strengthtrainingforbeginners #strengthtrainingworkshop #portlandmainephysicaltherapy #directaccesscare",WorkFitME Mobile PT,2026-02-21T15:30:00.000Z,,2,,Carousel,"happyhealthywealthy, strengthtrainingforbeginners, strengthtrainingworkshop, portlandmainephysicaltherapy, directaccesscare"
IG-26,Instagram,strength training for beginners,https://www.instagram.com/p/DU-mr7wDF3b/,"You know you should lift… but where do you start?  If you’ve been thinking “I should do strength training”… you’re not alone.  Common reasons people stall: • Don’t know what to do • Worry about doing it wrong • Feel self-conscious in a gym  Here’s the fix: coached small group sessions where you’re guided every step.   You’ll learn the basics, build confidence, and feel supported from day one.  Message ‘FOUNDATION’ to get started.  #radlett #strengthtrainingforbeginners #smallgrouptraining #women",FASED FITNESS CLUB RADLETT,2026-02-20T11:33:32.000Z,,21,5,Carousel,"radlett, strengthtrainingforbeginners, smallgrouptraining, womenwholift, over35fitness"
IG-27,Instagram,strength training for beginners,https://www.instagram.com/p/DUk6gm1jGXv/,"Recover Stronger, Not Just Faster.  Resistance bands are one of the safest and most effective tools for rehabilitation — especially when you’re rebuilding strength after injury. They protect your joints, match your natural strength curve, and help you regain stability, mobility, and confidence without overwhelming your body.  From improving balance and functional strength to reducing pain and stiffness, resistance‑band rehab is clinically proven to support real recovery. Slow, controlled movemen",Weights & Glory,2026-02-10T12:06:38.000Z,,2,,Carousel,"fitnessrehab, resistancebands, injuryrecovery, physicaltherapyexercises, jointfriendlytraining, mobilitytraining, strengthtrainingforbeginners, faithandfitness, christianfitness, homeworkoutgear, lowimpactworkout, functionaltraining, weightsandglory, recoveryjourney, wellnesscommunity"
IG-28,Instagram,strength training for beginners,https://www.instagram.com/p/DUjIe0Hkb6Z/,"Most people think they need to feel ready, strong, or pain-free before they begin strength training.  In reality, confidence usually comes after you start — especially when you’re properly supported.  Our Intro to Strength Training programme is designed to help you begin safely, build confidence gradually, and feel supported every step of the way.  👉 If the email landed in your inbox today, this is your sign to read it.  Not on our email list? Comment 'STRENGTH' for more information  LFR | Guis",Laura Franklin Rehab,2026-02-09T19:30:07.000Z,,17,,Carousel,"PhysioLed, StrengthTrainingForBeginners, RehabStrength, ConfidenceThroughMovement, ReturnToExercise, MoveWithConfidence, LeedsPhysio, Guiseley, WestYorkshirePhysio"
IG-29,Instagram,strength training for beginners,https://www.instagram.com/p/DUiwrx1CAKc/,Want a personal trainer that’s not only highly qualified & experienced but is also actually RELATABLE too? …. You found me 👋🏻 🙋🏼‍♀️  So if you’re being shown my profile take this as your sign - let be friends 🫶🏻  #personaltrainernewcastle #womenspersonaltrainer #femalepersonaltrainer #strengthtrainingforwomen #strengthtrainingforbeginners,Tess ✨Small Group fitness & Personal Training,2026-02-09T16:02:10.000Z,,88,4,Carousel,"personaltrainernewcastle, womenspersonaltrainer, femalepersonaltrainer, strengthtrainingforwomen, strengthtrainingforbeginners"
IG-30,Instagram,strength training for beginners,https://www.instagram.com/p/DUgIXDADZY2/,"Foundations in 15 launches TUESDAY FEBRUARY 10th!!💖 this post highlights what you can expect inside this 4 week self-paced strength training program for runners you are new or getting back into strength/resistance training.  I’ve been developing this program for a long time in hopes to reach more spoonies who aren’t quite looking for the deep dive of my one on one programs but want to dip their toe into working together in a lower cost, more accessible way.  Did I mention you STILL get support","Kate B | PT, DPT | Spoonie Run Coach",2026-02-08T15:31:20.000Z,,25,2,Carousel,"spoonierunner, chronicillness, runningphysio, physicaltherapist, chronicillnesscommunity, chronicillnesscoach, strengthtrainingforbeginners, strengthtrainingathome"
IG-31,Instagram,physical activity guidelines,https://www.instagram.com/p/DVRYYTOjZXW/,Working on the core and more at The Pattern Hall! Mat Pilates for everyone!  Wednesday 6.45pm Friday 9am   #core #matpilatesclass #strength #feelbetterlivebetter #painfree #posture #live #pilates #pushyourboundaries #showup #selfcare #physicalactivity  #physicalactivityguidelines #physicalactivityguidelines⛹️🤸🧘,Suzannah Ford,2026-02-27T18:34:06.000Z,,12,4,Carousel,"core, matpilatesclass, strength, feelbetterlivebetter, painfree, posture, live, pilates, pushyourboundaries, showup, selfcare, physicalactivity, physicalactivityguidelines, physicalactivityguidelines⛹️🤸🧘"
IG-32,Instagram,physical activity guidelines,https://www.instagram.com/p/DVQm-xWigQn/,"Are you ready to start moving more in your everyday life?  You can teach an old dog new tricks 😀  We, along with @movingmedicineuk encourage you to take control of your wellbeing.  Even if you are a beginner, have a health condition or just want to get back into healthier habits, there's an activity out there for you. Explore activities to help you get moving at the link in the comments 👇  #PhysicalActivityGuidelines #PhysicalActivity #StartTheConversation #MovingMedicine #PartnerHub #BuildAct",Everyday Active,2026-02-27T11:22:34.000Z,,,1,Carousel,"PhysicalActivityGuidelines, PhysicalActivity, StartTheConversation, MovingMedicine, PartnerHub, BuildActivityIntoYourDailyLife, Movement, Activity"
IG-33,Instagram,physical activity guidelines,https://www.instagram.com/p/DVKz22tFzq6/,"Growing older doesn’t mean giving up the activities you’ve always enjoyed. Staying active can help you age safely, stay strong, and reduce your risk of injury. Learn tips for healthy aging at www.cdc.gov/still-going-strong/older-adults/index.html  #SpringIntoSummer #MoveYourWay #HealthyIowans #ActivePeopleHealthyNation #PhysicalActivityGuidelines #StillGoingStrong",moveyourwayia,2026-02-25T05:19:31.000Z,,4,,Carousel,"SpringIntoSummer, MoveYourWay, HealthyIowans, ActivePeopleHealthyNation, PhysicalActivityGuidelines, StillGoingStrong"
IG-34,Instagram,physical activity guidelines,https://www.instagram.com/p/DU-ladZDaxZ/,"Are you ready to start moving more in your everyday life?  Getting moving is as easy as sticking the kettle on 🍵  We, along with @movingmedicineuk encourage you to take control of your wellbeing.  Even if you are a beginner, have a health condition or just want to get back into healthier habits, there's an activity out there for you. Explore activities to help you get moving at the link in the comments 👇  #PhysicalActivityGuidelines #PhysicalActivity #StartTheConversation #MovingMedicine #Part",Everyday Active,2026-02-20T11:22:45.000Z,,1,1,Carousel,"PhysicalActivityGuidelines, PhysicalActivity, StartTheConversation, MovingMedicine, PartnerHub, BuildActivityIntoYourDailyLife, Movement, Activity"
IG-35,Instagram,physical activity guidelines,https://www.instagram.com/p/DUksD88j6Pv/,"Did you know there are guidelines for physical activity for adults in Australia?  150-300 minutes of moderate activity per week and twice weekly strength training.  This may include organised activity such as exercise classes, going for a walk, run or bike ride. Or maybe its mowing the lawn or dancing to your favourite music in your lunge room! It all counts and its terribly important to remain fit and strong as we age.  Need help with motivation or accountability? Need help with that sore and b",Balance Health Phillip Island,2026-02-10T10:00:15.000Z,,2,,Carousel,"PhysicalActivityGuidelines, Physicalactivitymatters, osteopthy, physiotherapy"
IG-36,Instagram,physical activity guidelines,https://www.instagram.com/p/DTkI42rjVVL/,Are you ready to start moving more in your everyday life? Discover how at the link in the comments 👇  #PhysicalActivityGuidelines #MoveMore  @yourdisassist @kentcommunityhealth @kmpt_nhs @ekhuft @nhskentmedway @medwaynhs @medway_council_news @thewellbeinglink @darent_valley_hospital @visitkent @explore_kent @kcc_kent @kentlibraries @yourleisurekent @graveshambc @medwaysport @tmbc.kent @kentlibraries @visitmedway @maidstonebc @doverdc @ashfordbc @canterburycitycouncil @sevenoaksdistrictcouncil @,Everyday Active,2026-01-16T08:21:34.000Z,,4,1,Carousel,"PhysicalActivityGuidelines, MoveMore"
IG-37,Instagram,physical activity guidelines,https://www.instagram.com/p/DTcemzojZ5K/,"This National Obesity Awareness Week, we remind you that staying active reduces the risk of obesity and many diseases and improves mental health and overall wellbeing.  🎯 But how much exercise should we be doing? The UK government has published simple guidelines that will help you set some targets for how much activity to do.  There are various ones for adults, pregnant women, disabled adults and more. You can check them out at the link in the comments below 👇  Get started today 😊  #NationalO",Everyday Active,2026-01-13T08:57:40.000Z,,5,1,Carousel,"NationalObesityAwarenessWeek, ObesityAwareness, Obesity, PhysicalActivityGuidelines, ActivityGuidelines, Activity"
IG-38,Instagram,physical activity guidelines,https://www.instagram.com/p/DTAloorDi2K/,"Regular exercise helps reduce the risk of chronic diseases like heart disease, type 2 diabetes, and some cancers.  #physicalactivitymanitoba #PhysicalActivityMatters #physicalactivityforlife #physicalactivitybenefits #physicalactivityandhealth #physicalactivityguidelines #physicalactivitypolicy #physicalactivityfacts",PhysicalActivityManitoba,2026-01-02T13:00:03.000Z,,1,,Carousel,"physicalactivitymanitoba, PhysicalActivityMatters, physicalactivityforlife, physicalactivitybenefits, physicalactivityandhealth, physicalactivityguidelines, physicalactivitypolicy, physicalactivityfacts"
IG-39,Instagram,physical activity guidelines,https://www.instagram.com/p/DSebXakD6-I/,"Dr. Juana Willumsen, a leading technical officer at the World Health Organization (WHO), advancing global childhood health. She coordinated the organization’s first guidelines on physical activity, sedentary behavior, and sleep for children under five, and contributes significantly to policies on infant nutrition, obesity prevention, and early-life development, shaping evidence-based #strategies implemented globally.  #DrJuanaWillumsen #ChildhoodHealth #WHO #GlobalHealth #PhysicalActivityGuideli",72 Dragons Health,2025-12-20T06:36:08.000Z,,5,,Carousel,"strategies, DrJuanaWillumsen, ChildhoodHealth, WHO, GlobalHealth, PhysicalActivityGuidelines, InfantNutrition, ObesityPrevention, EarlyLifeDevelopment, EvidenceBasedStrategies, HealthyChildren"
IG-40,Instagram,physical activity guidelines,https://www.instagram.com/p/DSKICKvEnzY/,"Are you ready to start moving more in your everyday life?  Even gentle yoga counts as movement 🧘‍♀️  We, along with @movingmedicineuk encourage you to take control of your wellbeing.  Even if you are a beginner, have a health condition or just want to get back into healthier habits, there's an activity out there for you. Explore activities to help you get moving at the link in the comments 👇  #PhysicalActivityGuidelines #PhysicalActivity #StartTheConversation #MovingMedicine #PartnerHub #Build",Everyday Active,2025-12-12T09:22:29.000Z,,1,1,Carousel,"PhysicalActivityGuidelines, PhysicalActivity, StartTheConversation, MovingMedicine, PartnerHub, BuildActivityIntoYourDailyLife, Movement, Activity, Yoga"
IG-41,Instagram,home workout routine,https://www.instagram.com/p/DVZeQVFjNzj/,Workout & Plates. The perfect duo 👻,Livia Voss,2026-03-02T21:59:21.000Z,,-1,1,Carousel,
IG-42,Instagram,home workout routine,https://www.instagram.com/p/DVTBXqIFOGC/,You’ve been training legs for months — but are you actually training your inner thighs?  Most people aren’t.  It’s not a motivation problem. It’s an activation problem.  One Pilates circle and suddenly there’s nowhere to hide.  Shaking legs. Core on fire.  That “ohhh this is what I was missing” feeling? Addictive.  #buyreformer #PilatesLife #CoreActivation #InnerThighWorkout #HomeWorkoutRoutine #LowImpactBurn #MindfulMovement #FitnessJourney,BuyReformer,2026-02-28T09:51:31.000Z,,2,,Carousel,"buyreformer, PilatesLife, CoreActivation, InnerThighWorkout, HomeWorkoutRoutine, LowImpactBurn, MindfulMovement, FitnessJourney"
IG-43,Instagram,home workout routine,https://www.instagram.com/p/DVSQsFLAan_/,Good morning 🌞 Sabado  #homeworkout  #homeworkoutroutine  #earlypasingot  #fypviralシ  #photooftheday,Miriam Tagupa,2026-02-28T02:46:08.000Z,,1,1,Carousel,"homeworkout, homeworkoutroutine, earlypasingot, fypviralシ, photooftheday"
IG-44,Instagram,home workout routine,https://www.instagram.com/p/DVbX6g4AQyd/,"Strength at home, confidence for life. 💪✨ New blog: At-Home Strength Training for Women Over 50 — simple exercises, practical tips, and routines designed for comfort and results. Tap the link in bio to read and start today. Link in Bio #WomenOver50 #HomeWorkout #StrengthTraining #HealthyAging #FitAfter50",Dr. K Health Coaching for Women 40+,2026-03-03T15:44:20.000Z,,,,Carousel,"WomenOver50, HomeWorkout, StrengthTraining, HealthyAging, FitAfter50"
IG-45,Instagram,home workout routine,https://www.instagram.com/p/DVbXrzUjhiV/,,Acero Gym,2026-03-03T15:40:25.000Z,,,1,Carousel,
IG-46,Instagram,home workout routine,https://www.instagram.com/p/DVbVO3YifMx/,Show  them  how badly you want it ❗⚜️ . . . . . . . . . .#homeworkout  . . . . . . . . . .#fitness,𝖒𝖆𝖓𝖚 ⚜️,2026-03-03T15:19:00.000Z,,-1,,Carousel,"homeworkout, fitness"
IG-47,Instagram,home workout routine,https://www.instagram.com/p/DVbVAj7iEdp/,"You don’t need another diet—you need education, structure, and support. That’s what I provide for Arizona fitness and nutrition clients.  #fitnesstips #fitlife #fitnessgoals #fitnessvideo #fitstagram #workouttips #workoutgoals #fitnessmotivation #healthyhabits #workoutroutine #fitnesscoach #workoutideas #homeworkout","Personalized Fitness, Nutrition & Yoga : Certified Trainers",2026-03-03T15:17:20.000Z,,,,Carousel,"fitnesstips, fitlife, fitnessgoals, fitnessvideo, fitstagram, workouttips, workoutgoals, fitnessmotivation, healthyhabits, workoutroutine, fitnesscoach, workoutideas, homeworkout"
IG-48,Instagram,home workout routine,https://www.instagram.com/p/DVbUV-EktfN/,STARTED FROM ZERO 💥 . . . . . . . . . #fitness#feed#homeworkout,अप्पू,2026-03-03T15:11:14.000Z,,31,14,Carousel,"fitness, feed, homeworkout"
IG-49,Instagram,home workout routine,https://www.instagram.com/p/DVbTk6KDs5r/,"03.03.26  Simple 4 station, 40 minute full body workout. 3 rounds per station. 40 seconds on, 20 off.  #wod #sweat440 #homeworkout #austinfitness #fitnessmotivation",Anthony Flores,2026-03-03T15:05:52.000Z,,2,4,Carousel,"wod, sweat440, homeworkout, austinfitness, fitnessmotivation"
IG-50,Instagram,home workout routine,https://www.instagram.com/p/DVbTjN_DcnY/,Another Full body workout in the books.  Set up another routine so I'm not repeating the same exercises I did yesterday. . Also did my weigh in this morning and I've lost 3 lbs (hopefully belly fat 😂) . Today goes out to @brandyn_wayne  . . . . . . . . . . . . . #homeworkout #homegym #gymgeek #gymlife #fitness,JFrostyb,2026-03-03T15:04:18.000Z,,,1,Carousel,"homeworkout, homegym, gymgeek, gymlife, fitness"