Item_ID,Platform,Search_Term,URL,Title_Caption,Creator_Name,Creator_Credentials,Date_Posted,Views,Likes,Shares,Comments,Creator_Type,Content_Format
WEB-01,Website,how to start exercising,https://www.mayoclinic.org/healthy-lifestyle/fitness/in-depth/fitness/art-20048269,Fitness program: 5 steps to get started,https://www.mayoclinic.org › Healthy Lifestyle › Fitness,,,,,,,,
WEB-02,Website,how to start exercising,https://www.reddit.com/r/selfimprovement/comments/x7jgkr/how_the_hell_does_one_start_exercising/,How the hell does one start “exercising”? : r/selfimprovement,Reddit › r/selfimprovement,,,,,,,,
WEB-03,Website,how to start exercising,https://www.helpguide.org/wellness/fitness/how-to-start-exercising-and-stick-to-it,How to Start Exercising and Stick to It,https://www.helpguide.org › ... › Exercise & Fitness,,,,,,,,
WEB-04,Website,how to start exercising,https://www.cdc.gov/healthy-weight-growth/physical-activity/getting-started.html,Steps for Getting Started With Physical Activity,https://www.cdc.gov › healthy-weight-growth › getting...,,,,,,,,
WEB-05,Website,how to start exercising,https://www.planetfitness.com/blog/articles/beginner-workout-plan-your-first-week-gym,A Beginner Workout Plan for Your First Week in the Gym,https://www.planetfitness.com › blog › articles › beginn...,,,,,,,,
WEB-06,Website,how to start exercising,https://www.youtube.com/watch?v=Yq3EMpaRPcE,The BEST WAY TO START WORKING OUT FOR BEGINNERS,YouTube › CHRIS HERIA,,,,,,,,
WEB-07,Website,how to start exercising,https://www.health.harvard.edu/staying-healthy/how-to-start-exercising-if-youre-out-of-shape-,How to start exercising if you're out of shape,https://www.health.harvard.edu › staying-healthy › how...,,,,,,,,
WEB-08,Website,how to start exercising,https://www.heart.org/en/healthy-living/fitness/getting-active/getting-started---tips-for-long-term-exercise-success,Getting Started: Tips for Long-term Exercise Success,https://www.heart.org › fitness › getting-active › getting-...,,,,,,,,
WEB-09,Website,how to start exercising,https://www.nhs.uk/live-well/exercise/,Exercise,https://www.nhs.uk › live-well › exercise,,,,,,,,
WEB-10,Website,how to start exercising,https://www.nytimes.com/2024/01/05/well/move/fitness-workout-new-year.html,How to Start Working Out Again,https://www.nytimes.com › Well › Move,,,,,,,,
WEB-11,Website,best exercises to lose weight,https://www.mayoclinic.org/healthy-lifestyle/weight-loss/in-depth/exercise/art-20050999,Exercise for weight loss: Calories burned in 1 hour,https://www.mayoclinic.org › ... › Weight loss,,,,,,,,
WEB-12,Website,best exercises to lose weight,https://www.webmd.com/fitness-exercise/ss/slideshow-exercises-weightloss,Best Exercises for Weight Loss,https://www.webmd.com › ... › Slideshows,,,,,,,,
WEB-13,Website,best exercises to lose weight,https://www.bhf.org.uk/informationsupport/heart-matters-magazine/activity/best-exercise-to-lose-belly-fat,What's the best exercise to lose fat around your belly?,https://www.bhf.org.uk › informationsupport › activity,,,,,,,,
WEB-14,Website,best exercises to lose weight,https://www.health.harvard.edu/staying-healthy/simple-math-equals-easy-weight-loss,Exercise and weight loss: A formula for success,https://www.health.harvard.edu › staying-healthy › sim...,,,,,,,,
WEB-15,Website,best exercises to lose weight,https://www.muscleandstrength.com/workouts/beginner-fat-loss-workout,8 Week Fat Loss Workout for Beginners,https://www.muscleandstrength.com › workouts › begin...,,,,,,,,
WEB-16,Website,best exercises to lose weight,https://www.youtube.com/watch?v=Fz89dJTZsko,Everything That Burns More Fat Than Jogging,YouTube › Jeremy Ethier,,,,,,,,
WEB-17,Website,best exercises to lose weight,https://armourbody.com/blog/best-exercises-to-lose-weight-fast,8 Best Exercises to Lose Weight Fast,https://armourbody.com › blog › best-exercises-to-lose-...,,,,,,,,
WEB-18,Website,best exercises to lose weight,https://www.womenshealthmag.com/fitness/a70098294/best-calorie-burning-exercises-ranked/,"""Best Calorie Burning Exercises","Ranked By Fitness Experts""",,,,,,,,
WEB-19,Website,best exercises to lose weight,https://www.sciencefocus.com/the-human-body/weight-loss-theories,Here's the only science-backed lesson on exercise you ...,https://www.sciencefocus.com › weight-loss-theories,,,,,,,,
WEB-20,Website,best exercises to lose weight,https://www.totalwellbeingdiet.com/au/resources/guides/the-best-weight-loss-exercises/,The Best Weight Loss Exercises,https://www.totalwellbeingdiet.com › resources › guides,,,,,,,,
WEB-21,Website,strength training for beginners,https://www.nytimes.com/2026/01/10/well/move/strength-training-isometric-exercises.html,"""A Beginner Strength Workout","No Equipment Required""",,,,,,,,
WEB-22,Website,strength training for beginners,https://www.healthdirect.gov.au/strength-training-for-beginners,Strength training for beginners,https://www.healthdirect.gov.au › strength-training-for-...,,,,,,,,
WEB-23,Website,strength training for beginners,https://www.goldsgym.com/blog/beginner-gym-workout-for-strength-training/,Gym Workouts for Beginners — Strength Training,https://www.goldsgym.com › blog › beginner-gym-wor...,,,,,,,,
WEB-24,Website,strength training for beginners,https://www.self.com/story/8-strength-exercises,The 8 Best Strength-Training Exercises for Beginners,https://www.self.com › Fitness › strength training,,,,,,,,
WEB-25,Website,strength training for beginners,https://www.nerdfitness.com/blog/strength-training-101-where-do-i-start/,5 Strength Training Workouts (for Beginners),https://www.nerdfitness.com › Weight Loss,,,,,,,,
WEB-26,Website,strength training for beginners,https://www.verywellfit.com/complete-beginners-guide-to-strength-training-1229585,Strength Training: A Beginner's Guide to Getting Stronger,https://www.verywellfit.com › complete-beginners-guid...,,,,,,,,
WEB-27,Website,strength training for beginners,https://www.westside-barbell.com/blogs/the-blog/strength-training-for-beginners-a-westside-barbell-guide?srsltid=AfmBOop9ghj11_ceSC93CrjeKcji_cPZRoff9c98pojuEztU83bGFzAT,Strength Training for Beginners: A Westside Barbell Guide,https://www.westside-barbell.com › blogs › the-blog › str...,,,,,,,,
WEB-28,Website,strength training for beginners,https://www.planetfitness.com/blog/articles/beginner-workout-plan-your-first-week-gym,A Beginner Workout Plan for Your First Week in the Gym,https://www.planetfitness.com › blog › articles › beginn...,,,,,,,,
WEB-29,Website,strength training for beginners,https://www.reddit.com/r/workout/comments/1ik4rw5/my_simple_routine_that_i_would_recommend_to_all/,My simple routine that I would recommend to ALL ...,Reddit › r/workout,,,,,,,,
WEB-30,Website,strength training for beginners,https://hydrow.com/blog/12-beginner-strength-training-exercises-to-add-to-your-workout-routine/,12 Beginner Strength-Training Exercises to Add to Your ...,https://hydrow.com › blog › 12-beginner-strength-traini...,,,,,,,,
WEB-31,Website,physical activity guidelines,https://odphp.health.gov/our-work/nutrition-physical-activity/physical-activity-guidelines,Physical Activity Guidelines for Americans | odphp.health.gov,https://odphp.health.gov › nutrition-physical-activity › p...,,,,,,,,
WEB-32,Website,physical activity guidelines,https://www.heart.org/en/healthy-living/fitness/fitness-basics/aha-recs-for-physical-activity-in-adults,AHA Physical Activity Recommendations ...,https://www.heart.org › fitness › fitness-basics › aha-recs...,,,,,,,,
WEB-33,Website,physical activity guidelines,https://www.cdc.gov/physical-activity-basics/guidelines/adults.html,Adult Activity: An Overview | Physical Activity Basics,https://www.cdc.gov › guidelines › adults,,,,,,,,
WEB-34,Website,physical activity guidelines,https://www.who.int/initiatives/behealthy/physical-activity,Physical activity,https://www.who.int › Initiatives › Be healthy be mobile,,,,,,,,
WEB-35,Website,physical activity guidelines,https://acsm.org/education-resources/trending-topics-resources/physical-activity-guidelines/,Physical Activity Guidelines,https://acsm.org › ... › Trending Topics & Resources,,,,,,,,
WEB-36,Website,physical activity guidelines,https://www.nia.nih.gov/health/exercise-and-physical-activity,Exercise and physical activity - National Institute on Aging - NIH,https://www.nia.nih.gov › health › exercise-and-physical...,,,,,,,,
WEB-37,Website,physical activity guidelines,https://www.nhs.uk/live-well/exercise/physical-activity-guidelines-for-adults-aged-19-to-64/,Physical activity guidelines for adults aged 19 to 64,https://www.nhs.uk › Healthy living › Exercise,,,,,,,,
WEB-38,Website,physical activity guidelines,https://www.cdc.gov/physical-activity-education/guidelines/index.html,Physical Activity Guidelines for School-Aged Children and ...,https://www.cdc.gov › physical-activity-education › gui...,,,,,,,,
WEB-39,Website,physical activity guidelines,https://odphp.health.gov/our-work/nutrition-physical-activity/physical-activity-guidelines/current-guidelines,Current Guidelines | odphp.health.gov,https://odphp.health.gov › physical-activity-guidelines,,,,,,,,
WEB-40,Website,physical activity guidelines,https://scholar.google.com/scholar?q=physical+activity+guidelines&hl=en&as_sdt=0&as_vis=1&oi=scholart,Scholarly articles for physical activity guidelines,‎Piercy,,,,,,,,
WEB-41,Website,home workout routine,https://www.healthline.com/health/fitness-exercise/at-home-workouts,30 Moves to Make the Most of Your At-Home Workout,https://www.healthline.com › health › fitness-exercise,,,,,,,,
WEB-42,Website,home workout routine,https://www.nerdfitness.com/blog/the-7-best-at-home-workout-routines-the-ultimate-guide-for-training-without-a-gym/,The 10 Best at Home Workouts (No-Equipment!),https://www.nerdfitness.com › General,,,,,,,,
WEB-43,Website,home workout routine,https://hsc.unm.edu/_media/pdfs/rbhomeworkoutguide2020-3.pdf,HOME WORKOUT PLAN,https://hsc.unm.edu › rbhomeworkoutguide2020-3,,,,,,,,
WEB-44,Website,home workout routine,https://www.muscleandstrength.com/workout-routines,Workout Routines Database: 1000+ Free Workout Plans,https://www.muscleandstrength.com › workout-routines,,,,,,,,
WEB-45,Website,home workout routine,https://www.nourishmovelove.com/fitness-beginner-workout-plan/,Beginner Workout Plan (30-Day Routine),https://www.nourishmovelove.com › fitness-beginner-w...,,,,,,,,
WEB-46,Website,home workout routine,https://www.reddit.com/r/bodyweightfitness/wiki/kb/recommended_routine/,r/bodyweightfitness Guide: The Recommended Routine,https://www.reddit.com › bodyweightfitness › wiki › re...,,,,,,,,
WEB-47,Website,home workout routine,https://www.utrecsports.org/public/upload/files/general/SP20_FW_PT_AtHome_Workouts_Strength.pdf,No Equipment Home Workouts: strength workouts,https://www.utrecsports.org › files › general › SP...,,,,,,,,
WEB-48,Website,home workout routine,https://darebee.com/,DAREBEE - Home Workouts,https://darebee.com,,,,,,,,
WEB-49,Website,home workout routine,https://www.nhs.uk/better-health/get-active/home-workout-videos/,Home workout videos,https://www.nhs.uk › better-health › get-active › home-...,,,,,,,,
WEB-50,Website,home workout routine,https://www.anytimefitness.com/blog/no-equipment-necessary-the-at-home-circuit-workout-you-can-do-anywhere,At-Home Circuit Workout — No Equipment Needed!,https://www.anytimefitness.com › Blog › Workouts,,,,,,,,
YT-01,YouTube,how to start exercising,https://www.youtube.com/watch?v=LzLhYBIQNmc&t=820s,How to *actually* workout consistently with ADHD! 💪,Hayley Honeyman,,2024-03-10T20:00:06.000Z,125792,8300,,404,,Long video (>5min)
YT-02,YouTube,how to start exercising,https://www.youtube.com/watch?v=0QXaAQMwfBI,Beginner's Gym Survival Guide,Will Tennyson,,2022-01-09T15:00:01.000Z,1889994,100000,,2620,,Long video (>5min)
YT-03,YouTube,how to start exercising,https://www.youtube.com/watch?v=2qWoegDcHMI,5 Beginner Gym Mistakes You Need to Avoid!,PictureFit,,2018-09-01T17:33:25.000Z,4118628,110000,,2278,,Long video (>5min)
YT-04,YouTube,how to start exercising,https://www.youtube.com/watch?v=rBUjOY12gJA,What Happens To Your Body When You Start Exercising Regularly | The Human Body,Insider Tech,,2018-01-24T17:12:59.000Z,9681417,197000,,4456,,Long video (>5min)
YT-05,YouTube,how to start exercising,https://www.youtube.com/watch?v=KEhbYNmY3N4,This Is What REALLY Happens As You Start Exercising (Animated),Practical Wisdom - Interesting Ideas,,2018-12-23T09:30:01.000Z,8775113,228000,,5709,,Long video (>5min)
YT-06,YouTube,how to start exercising,https://www.youtube.com/watch?v=k6Qp78Hh5DI,How to start exercising when you're unfit,Trimmed,,2019-12-11T10:00:08.000Z,192896,5800,,209,,Long video (>5min)
YT-07,YouTube,how to start exercising,https://www.youtube.com/watch?v=geUKI-2uWaY,BEGINNER CALISTHENICS WORKOUT,Meli,,2023-09-17T10:00:27.000Z,6696076,291000,,2365,,Long video (>5min)
YT-08,YouTube,how to start exercising,https://www.youtube.com/watch?v=Wa4f7f5y7uQ,How to Create the Perfect Workout Plan | Beginner Guide,Magnus Method,,2022-02-04T19:48:54.000Z,799909,19000,,248,,Long video (>5min)
YT-09,YouTube,how to start exercising,https://www.youtube.com/watch?v=RPtNUn1HhJE,Start Exercise After Years of Inactivity: Here's Your Over 50 Fitness Plan,Alicia Jones Healthy Living,,2022-07-14T18:47:37.000Z,18144,321,,15,,Long video (>5min)
YT-10,YouTube,how to start exercising,https://www.youtube.com/watch?v=MilYefF9DjI,What Happens to Your Body When You Start Exercising?,The Infographics Show,,2022-08-06T20:15:00.000Z,5526432,137000,,2924,,Long video (>5min)
YT-11,YouTube,best exercises to lose weight,https://www.youtube.com/watch?v=Dj0bk8TFWdY,FULL BODY FAT LOSS in 14 Days NO JUMPING | Free Home Workout Guide,Lilly Sabri,,2020-03-30T16:15:01.000Z,11719068,298000,,6607,,Long video (>5min)
YT-12,YouTube,best exercises to lose weight,https://www.youtube.com/watch?v=rHhB-KsFMVw,The Best Exercises for Hanging Belly Fat | 30-min Workout To LOSE 3 INCHES OFF WAIST in 1 Week,FITNESS CIRCLE,,2024-01-26T13:30:24.000Z,11707477,137000,,1352,,Long video (>5min)
YT-13,YouTube,best exercises to lose weight,https://www.youtube.com/watch?v=kdpHMdFScm8,Most Effective Exercises For Fast Weight Loss In 20 Min | No Equipment Home Workout To Reduce Weight,The Gainz Center,,2020-08-21T15:15:08.000Z,1541617,27000,,924,,Long video (>5min)
YT-14,YouTube,best exercises to lose weight,https://www.youtube.com/watch?v=7fICF_O5esc,The PERFECT Workout to Lose Weight (Sets and Reps Included),ATHLEAN-X™,,2020-01-26T18:31:47.000Z,3762967,125000,,3924,,Long video (>5min)
YT-15,YouTube,best exercises to lose weight,https://www.youtube.com/watch?v=wXzveroBplo,the Best Workout to Lose Weight Fast 👉 Lose 10 Pounds in 3 Days,Adrian Bryant,,2019-09-15T19:00:11.000Z,8516467,260000,,37768,,Long video (>5min)
YT-16,YouTube,best exercises to lose weight,https://www.youtube.com/watch?v=UheajlsZ72E,10 Min Fat Burning Workout | No Equipment,THENX,,2021-05-16T13:00:10.000Z,7231428,201000,,4292,,Long video (>5min)
YT-17,YouTube,best exercises to lose weight,https://www.youtube.com/watch?v=Fz89dJTZsko,Everything That Burns More Fat Than Jogging,Jeremy Ethier,,2025-08-03T13:00:33.000Z,3084549,62000,,3662,,Long video (>5min)
YT-18,YouTube,best exercises to lose weight,https://www.youtube.com/watch?v=IT94xC35u6k,"""20 min Fat Burning Workout for TOTAL BEGINNERS (Achievable","No Equipment)""",,MadFit,2022-02-07T18:25:28.000Z,34467720,,618000,,16046
YT-19,YouTube,best exercises to lose weight,https://www.youtube.com/watch?v=uKXF3eS79_A,How to ACTUALLY Lose Fat with Exercise,RESPIRE,,2024-08-31T13:01:06.000Z,384882,8500,,245,,Long video (>5min)
YT-20,YouTube,best exercises to lose weight,https://www.youtube.com/watch?v=gC_L9qAHVJ8,"""30 minute fat burning home workout for beginners. Achievable","low impact results.""",,Body Project,2019-03-24T20:07:35.000Z,58054142,,678000,,28508
YT-21,YouTube,strength training for beginners,https://www.youtube.com/watch?v=V09O2rwArjI,STRENGTH TRAINING workout at home for Beginners (no equipment),Rebecca-Louise,,2024-01-15T16:00:08.000Z,99280,2400,,64,,Long video (>5min)
YT-22,YouTube,strength training for beginners,https://www.youtube.com/watch?v=dcKwz_C8pkg,15 Min BEGINNER Full Bodyweight Strength Workout,Sunny Health & Fitness,,2024-10-04T15:30:18.000Z,118651,2700,,6,,Long video (>5min)
YT-23,YouTube,strength training for beginners,https://www.youtube.com/watch?v=Vz53oNHSIBk,Beginner Light Dumbbell Workout,Justin Agustin,,2023-03-16T17:00:14.000Z,1069367,39000,,106,,Long video (>5min)
YT-24,YouTube,strength training for beginners,https://www.youtube.com/watch?v=_6WERjVqBwE,THIS type of AT HOME beginner workouts changed my life,growwithjo,,2024-02-19T13:00:35.000Z,5846159,198000,,632,,Long video (>5min)
YT-25,YouTube,strength training for beginners,https://www.youtube.com/watch?v=11VqZqlcPBM,10 Minute Full body Strength Workout for Beginners & Seniors // Osteoporosis Friendly,SeniorShape Fitness,,2025-03-21T11:00:02.000Z,199193,4500,,232,,Long video (>5min)
YT-26,YouTube,strength training for beginners,https://www.youtube.com/watch?v=EZlF5_Je0YE,Strength Training Workout for Beginners & Seniors // Isometric & Balance Exercises!,SeniorShape Fitness,,2024-09-16T11:00:13.000Z,430616,9700,,1874,,Long video (>5min)
YT-27,YouTube,strength training for beginners,https://www.youtube.com/watch?v=1VvgNZsg9nc,12 Min Beginner Weight Training - Strength Training for Beginners - Beginner Workout Routine,HASfit,,2016-04-25T13:00:00.000Z,220450,3900,,100,,Long video (>5min)
YT-28,YouTube,strength training for beginners,https://www.youtube.com/watch?v=OJ1Dbv6YriQ,"""STRENGTH TRAINING for BEGINNERS | Build strength","get toned & speed up metabolism!""",,Improved Health,2021-08-12T11:30:08.000Z,281778,,5300,,309
YT-29,YouTube,strength training for beginners,https://www.youtube.com/watch?v=YEyFdtni3uU,5 MIN ARM WORKOUT,MadFit,,2023-05-31T14:00:31.000Z,10683518,,,706,,Long video (>5min)
YT-30,YouTube,strength training for beginners,https://www.youtube.com/watch?v=RPi9aJGuRDM,30 Min Full Body Dumbbell Workout for Beginners - Beginner Strength Training at Home with Weight,HASfit,,2023-03-06T13:00:28.000Z,912437,14000,,254,,Long video (>5min)
YT-31,YouTube,physical activity guidelines,https://www.youtube.com/watch?v=60hVUlEy5Sc,New Physical Activity Guidelines for Americans: Getting Granular,GW Integrative Medicine,,2025-09-15T16:30:42.000Z,19,,,,,Long video (>5min)
YT-32,YouTube,physical activity guidelines,https://www.youtube.com/watch?v=ng4yg5lY6oQ,Mayo Clinic Minute: New fitness guidelines for the new year,Mayo Clinic,,2018-12-24T16:34:54.000Z,4152,48,,,,Long video (>5min)
YT-33,YouTube,physical activity guidelines,https://www.youtube.com/watch?v=Nt3Qh_oJ3YY,Guidelines for Physical Activity,Arthritis UK,,2020-11-24T14:29:03.000Z,20560,104,,,,Long video (>5min)
YT-34,YouTube,physical activity guidelines,https://www.youtube.com/watch?v=ErzXq7Uu0mY,The 2018 Physical Activity Guidelines for Americans   What’s New,CEPA Continuing Education,,2020-04-22T01:11:51.000Z,514,1,,,,Long video (>5min)
YT-35,YouTube,physical activity guidelines,https://www.youtube.com/watch?v=abPVL_TQtso,Physical Activity Guidelines,Good Shepherd Health Care System,,2020-07-13T22:52:38.000Z,455,,,,,Long video (>5min)
YT-36,YouTube,physical activity guidelines,https://www.youtube.com/watch?v=tFu949_By64,Physical Activity Guidelines,Southern Nevada Health District,,2013-01-24T23:25:29.000Z,376,,,,,Long video (>5min)
YT-37,YouTube,physical activity guidelines,https://www.youtube.com/watch?v=KAYtlMkKP1g,Government Issues New Exercise Guidelines,CBS Boston,,2018-11-13T01:40:05.000Z,206,3,,,,Long video (>5min)
YT-38,YouTube,physical activity guidelines,https://www.youtube.com/watch?v=TG2kHvDs96w,"""New Guidelines for Physical Activity (Steve Ball","PhD)""",,MU Health,2019-01-17T20:24:24.000Z,1277,,5,,
YT-39,YouTube,physical activity guidelines,https://www.youtube.com/watch?v=_DmBSZC15eo,Physical activity guidelines that work,KING 5 Seattle,,2019-02-02T01:35:51.000Z,94,1,,,,Long video (>5min)
YT-40,YouTube,physical activity guidelines,https://www.youtube.com/watch?v=LKafqM5kve4,Physical activity - guidelines,County Durham & Darlington NHS Foundation Trust,,2022-01-21T11:02:29.000Z,554,,,1,,Long video (>5min)
YT-41,YouTube,home workout routine,https://www.youtube.com/watch?v=7GkMHPe_OXw,20 Min FULL BODY Workout For BEGINNERS (No Equipment),Tone and Tighten,,2022-01-06T07:00:01.000Z,1076151,20000,,838,,Long video (>5min)
YT-42,YouTube,home workout routine,https://www.youtube.com/watch?v=cbKkB3POqaY,25 MIN FULL BODY HIIT for Beginners - No Equipment - No Repeat Home Workout,growingannanas,,2023-03-13T02:00:07.000Z,27495694,429000,,11549,,Long video (>5min)
YT-43,YouTube,home workout routine,https://www.youtube.com/watch?v=wIynl3at0Rs,20 MINUTE FULL BODY WORKOUT (NO EQUIPMENT),Milestone Strength,,2020-11-04T08:39:45.000Z,6192928,93000,,1761,,Long video (>5min)
YT-44,YouTube,home workout routine,https://www.youtube.com/watch?v=3EKcdVsYdk4,25 MIN FULL BODY WORKOUT AT HOME (Fat Burn & No Equipment) 전신 맨몸 운동 홈트 25분 (체중감량 & 장비없음),Jae-ho - Trainer & Physical Therapist,,2025-10-20T08:15:00.000Z,866343,13000,,330,,Long video (>5min)
YT-45,YouTube,home workout routine,https://www.youtube.com/watch?v=gElD1Nqxwh8,How To Set Up A Home Workout Schedule for Men,Fit Father Project - Fitness For Busy Fathers,,2020-05-29T17:30:25.000Z,71827,1700,,85,,Long video (>5min)
YT-46,YouTube,home workout routine,https://www.youtube.com/watch?v=KeNObkhENKQ,TOP 10 Exercises to Get Fit At Home!,Calisthenicmovement,,2023-01-27T12:00:20.000Z,1635806,43000,,475,,Long video (>5min)
YT-47,YouTube,home workout routine,https://www.youtube.com/watch?v=GViX8riaHX4,30 Min FULL BODY DUMBBELL WORKOUT at Home | Muscle Building,Caroline Girvan,,2020-08-03T12:21:05.000Z,16497410,251000,,6254,,Long video (>5min)
YT-48,YouTube,home workout routine,https://www.youtube.com/watch?v=jKTxe236-4U,"""30 MIN FULL BODY WORKOUT - Apartment & Small Space Friendly (No Equipment","No Jumping)""",,MadFit,2023-04-04T15:21:49.000Z,4889337,,88000,,1327
YT-49,YouTube,home workout routine,https://www.youtube.com/watch?v=UIPvIYsjfpo,30 Min FULL BODY WORKOUT with WARM UP | No Equipment & No Repeat | Rowan Row,Rowan Row,,2024-10-02T14:57:04.000Z,4919683,90000,,3037,,Long video (>5min)
YT-50,YouTube,home workout routine,https://www.youtube.com/watch?v=4iy4yEKa7W8,30 MIN FULL BODY WORKOUT No Equipment (From the MadFit App),MadFit,,2021-08-01T18:13:48.000Z,4075953,70000,,1153,,Long video (>5min)
TT-01,TikTok,how to start exercising,https://www.tiktok.com/@raider007/video/7607625479041846558,How to start working out,RAIDER,📩: rdcalisthenicsr5@gmail.com,2026-02-17T00:32:35.000Z,4873,316,9,11,,Short video (<60s)
TT-02,TikTok,how to start exercising,https://www.tiktok.com/@unifiedptandyoga/video/7571918357369195807,Replying to @pambernickel save this one if you need a gym or home routine,"""Sammy | DPT","RYT""",samspiegspt@gmail.com,2025-11-12T19:10:53.000Z,38800,2778,305,,72
TT-03,TikTok,how to start exercising,https://www.tiktok.com/@pierredalati/video/7460973559838559494,What to know before starting to workout #fitness #fitnesstips #selfimprovement #fyp,Pierre Dalati,Your online older brother 🫡📩:contact.dalati@gmail.com - Create Any App or Website With Emergent ⬇️,2025-01-17T19:48:03.000Z,133100,13500,229,76,,Short video (<60s)
TT-04,TikTok,how to start exercising,https://www.tiktok.com/@raider007/video/7560829058351713567,How to start working out in your room for beginners,RAIDER,📩: rdcalisthenicsr5@gmail.com,2025-10-13T21:58:35.000Z,49000,2950,166,31,,Short video (<60s)
TT-05,TikTok,how to start exercising,https://www.tiktok.com/@tonedwithcristina/video/7591672585377598734,if strength training is one of your 2026 goals I got you   Superset 1: 10 squats  10 shoulder press  Repeat 3x  Superset 2: 12 alternating reverse lunges  10 bicep curls  Repeat 3x  Superset 3: 10 sumo squats  10 overhead tricep extensions  Repeat 3x   Finisher: Plank hold - as long as you can! Repeat 3x  #beginnerworkout #beginnerstrengthtraining #fullbodyworkout #quickworkout,tonedwithcristina,"""fitness","food & fun clothes  🥊❤️🍓 tonedwithcristina@gmail.com""",2026-01-05T00:47:25.000Z,345500,13000,903,,41
TT-06,TikTok,how to start exercising,https://www.tiktok.com/@jelinuh/video/7601635741109619999,"""Take it easy and start light","work your way into it once you’re comfortable and ready to challenge yourself💛 good luck MAMAS🤭😍💪 #fitnesstips #beginnertips #postpartumjourney #postpartumfitness""",Jelina,Boy mama🩵 Fitness/Beauty/Lifestyle🏋🏽‍♀️ I dance a little 💃😉 CO 🏔️🌅 📩: Jelina@tiptopbranding.com,2026-01-31T21:09:20.000Z,2019,184,3,,5
TT-07,TikTok,how to start exercising,https://www.tiktok.com/@justin_agustin/video/7581609893367483649,"""If I was a beginner",I wouldn't neglect these exercises! Matter of fact,I would do 10-15 repetitions of each for 3 rounds,2-3 times a week. They are vital for maintain strength for daily life activities,and just overall general health and wellness. Include them in your workout plan,"and you'll feel a noticeable difference. Don't have a plan to follow? Get the Justin Agustin Fitness app today! You totally got this! #beginnerfitness #beginnerworkout #fitnessforbeginners""",Justin Agustin,Gentle beginner workout alternatives  Start your journey ⬇️ Full-Length Videos,,2025-12-08T22:00:24.000Z
TT-08,TikTok,how to start exercising,https://www.tiktok.com/@_lucyhealy/video/7608652305558179074,"""If you’re not sure how to start your calisthenics journey","this workout can be done anywhere and will help build your strength! Save for your next workout 🤸🏼‍♀️  #calisthenicsjourney #calisthenicsgirls #calisthenicsbeginner""",Lucy Healy,probably upside down🤸🏼‍♀️ learn calisthenics with me🫶🏼 @Gymshark @GORNATION LUCYH10,2026-02-19T18:56:58.000Z,242400,21500,860,,34
TT-09,TikTok,how to start exercising,https://www.tiktok.com/@thebeardedbodybuilder/video/7558117923152334094,Don’t know where to start in the gym? Start here. The Beginner’s Gym Blueprint 5-Day Split #beginnerworkouts #gymnewbie #gymtok #bodybuilding #workoutplan,Bar Benders Fitness,I'm here to help you cut through the BS & get jacked-follow for daily blueprints,2025-10-06T14:38:51.000Z,1500000,85400,8208,570,,Short video (<60s)
TT-10,TikTok,how to start exercising,https://www.tiktok.com/@jordan_morgan_/video/7274999521296256288,"""WORKOUT DETAILS DOWN BELOW 👇  The perfect full body beginner workout if you’re new to the gym or training in general and want to ease yourself in slowly! These movements target your lower body","upper body and core!  Warm up as needed   3 sets:  DB goblet squat x10  Seated shoulder press x10 each side   3 sets:  KB deadlfit x10  Single arm bent over row x10 each side   3 sets:  DB pull through x10-20   Rest as needed throughout the whole workout!   #beginnerworkout #fitnesscoach #personaltrainer""",Jordan Morgan | Fitness Coach,✨FITNESS COACH✨ Link down below for coaching enquiries and programs 👇👇👇  Jordan@jordanmorganpt.com,2023-09-04T15:53:46.000Z,9200000,402400,37500,,1482
TT-11,TikTok,best exercises to lose weight,https://www.tiktok.com/@gabexrocha/video/7537750112957680909,"""Losing fat isn’t about hours of cardio—lift weights",train smart,"and change your body. Here’s my 4-day blueprint that built my dream body while working 14-hour days. #FatLossWorkout #WeightTraining #GymHacks""",Women's Weight Loss Coach,🙋🏻‍♀️ Helping busy women 30+ lose weight & drop pant sizes ⏱️ Short workouts + easy meals 👇🏼 Book 1-1 Consultation,2025-08-12T17:20:46.000Z,168100,5951,,820
TT-12,TikTok,best exercises to lose weight,https://www.tiktok.com/@naya.nx/video/7604126685788704022,The best forms of cardio to lose fat #cardio #gymbeginners #gymroutine #fatloss #fitnes,NYA,I shout a lot x IG- nyaafit,2026-02-07T14:15:15.000Z,2500000,280500,6780,435,,Short video (<60s)
TT-13,TikTok,best exercises to lose weight,https://www.tiktok.com/@tallest.ezemba/video/7607542745942576405,Simple Beginner’s Abs Homeworkout. #exercise #homeworkout #viral #fitness,Tallest  Ezemba,"""FITNESS MODEL",VIRTUAL PERSONAL TRAINER,"MEN'S PHYSIQUE NATURAL BODY BUILDER 🏆""",2026-02-16T19:11:28.000Z,1400000,33700,,24900
TT-14,TikTok,best exercises to lose weight,https://www.tiktok.com/@drbergofficial/video/7537808565814185247,This is the BEST exercise for a flat stomach! #drericberg #weightloss #stomach #healthtips,Dr. Eric Berg,Official Account Creator of the Healthy Keto™ movement 14 mil subs on YouTube,2025-08-12T22:00:00.000Z,129500,4869,584,68,,Short video (<60s)
TT-15,TikTok,best exercises to lose weight,https://www.tiktok.com/@raw.wisdom/video/7565606266635128086,No Running. No Dieting. Just Results.#foryou #viralvideos #exercises #Posture #workout #slim #core #belly #gym #gymmotivation #ladiesfitness #fitness #waist #weightloss #flatbellyworkout #backpain #back #shoulderworkout #shoulder #pain,Raw Wisdom,Clarity. Drive. Purpose. Daily content to level up your mindset.,2025-10-26T18:56:20.000Z,714000,31600,2139,278,,Short video (<60s)
TT-16,TikTok,best exercises to lose weight,https://www.tiktok.com/@betteryoubettersociety/video/7605725193939619086,Comment ‘DUMBBELL’ for my full dumbbell workout program! 💪  If you’re tired of overcomplicated workout plans and just want something simple that works – this is it.  You don’t need fancy machines. You don’t need to spend hours in the  gym. Just dumbbells and 4 days a week.  Here’s the breakdown:  Day 1: Upper Body  * Dumbbell Bench Press * Dumbbell Rows * Dumbbell Shoulder Press * Dumbbell Curls  Day 2: Lower Body  * Goblet Squats * Dumbbell Romanian Deadlifts * Dumbbell Lunges * Dumbbell Calf,Better You Better Society,"""Lose fat & build muscle. Dm me """"COACH"""" for 1 on 1 coaching.""",2026-02-11T21:38:37.000Z,499400,19100,3634,1215,,Short video (<60s)
TT-17,TikTok,best exercises to lose weight,https://www.tiktok.com/@kayfitness__/video/7571199106337475862,"""75 lbs down — no gym",no excuses  Workouts you can do at home.  No equipment,"just consistency 🖤   Full workout routine linked in bio x   #HomeWorkout  #fatloss #WeightLossJourney #nogymnoproblem #fullbodyworkouts""",WeightLoss|KayFitness,Weight loss  journey 💪 102kg → 63kg Helping women feel confident in their bodies ⬇️ Free meal plans,2025-11-10T20:39:24.000Z,310800,16400,,850
TT-18,TikTok,best exercises to lose weight,https://www.tiktok.com/@mindbodyjaime/video/7584133402723454239,"""Under 15 minutes. At home. No excuses. These are the exact kinds of workouts I lean on during my 130 lb weight loss. Quick",efficient,"and they absolutely challenge you. Save this for the days you think you don’t have time and follow for more realistic workouts that actually work.  #midsizemom #realisticweightloss #athomeworkouts #athomeworkout #homegymworkout""",Jaime | Midsize Style & Health,"""Helping midsize women find confidence in their clothes and balance in their bodies.  📍dayton","ohio  inquires ➡️ matsoncollabs@gmail.com""",2025-12-15T17:11:39.000Z,167900,,11200
TT-19,TikTok,best exercises to lose weight,https://www.tiktok.com/@mackenziewells.fit/video/7589756711200656695,Try a free week of my New Years Fitness Challenge! 🔗 on my profile!   #fullbodyworkout #fitness #weightloss #exercise #homeworkout,Mackenzie | Join my app!,"""👙 get your dream body",fast & keep it ✨ all women,"all ages                                                                               👇🏼join my app below""",2025-12-30T20:52:32.000Z,119100,5125,,1341
TT-20,TikTok,best exercises to lose weight,https://www.tiktok.com/@drbergofficial/video/7603506375708216607,This is the #1 best exercise for a flat stomach! How often do you do it?  Visit the link in my bio to download my free daily routine checklist that helps me feel 18 at age 60!  #drericberg #crunches #situps,Dr. Eric Berg,Official Account Creator of the Healthy Keto™ movement 14 mil subs on YouTube,2026-02-06T14:00:00.000Z,958100,35100,3215,132,,Short video (<60s)
TT-21,TikTok,strength training for beginners,https://www.tiktok.com/@hayleymadiganfitness/video/7557453418269347094,"""Beginners Upper 💪🏼  My Workout App: @Grow Girl 💛 Outfit: @Oner Active Pastel Yellow EnhanceLift Halter","shorts and Joggers - Use C0de: HAYLEY to save 🫶🏻 Sneakers: @R.A.D® One V2’s in Grape 😮‍💨 #upperbody #shoulders #upperbodyworkout #weighttrainingforwomen #biceps""",Hayley Madigan,Founder @Grow Girl App @Oner Active Move Ambassador Code: HAYLEY My Workouts👇🏼,2025-10-04T19:39:08.000Z,968200,42500,6260,,247
TT-22,TikTok,strength training for beginners,https://www.tiktok.com/@matt_kitson_/video/7610553454238600450,HEAVY DUTY TRAINING FOR BEGINNERS 🧱 #mikementzer #gymtok #fyp #bodybuilding #strength,Matt Kitson,"""Do not be conformed to this world","but be transformed by the renewal of your mind. Romans 12:2 ✝️""",2026-02-24T21:54:25.000Z,227900,14400,2132,,176
TT-23,TikTok,strength training for beginners,https://www.tiktok.com/@_lucyhealy/video/7608652305558179074,"""If you’re not sure how to start your calisthenics journey","this workout can be done anywhere and will help build your strength! Save for your next workout 🤸🏼‍♀️  #calisthenicsjourney #calisthenicsgirls #calisthenicsbeginner""",Lucy Healy,probably upside down🤸🏼‍♀️ learn calisthenics with me🫶🏼 @Gymshark @GORNATION LUCYH10,2026-02-19T18:56:58.000Z,242400,21500,860,,34
TT-24,TikTok,strength training for beginners,https://www.tiktok.com/@pilatesbysteph/video/7602028837152525589,"""Simple. Strong. Effective - comment BUILD to be sent full workout 🔥  Choose a weight that challenges you by the last few reps.  Wearing new @musclerepublic LUXE pieces","luxe Olivia bra & luxe contrast booty shorts - use code PILATESBYSTEPH for discount 👗  #pilatesxstrength #pilatesworkout #fitnesschallenge #workoutideas #saveableworkouts""",pilatesbysteph,Studio Manager & Head Instructor 🤎 📧 stephvictoria2@gmail.com,2026-02-01T22:34:34.000Z,1987,75,1,,1
TT-25,TikTok,strength training for beginners,https://www.tiktok.com/@tonedwithcristina/video/7591672585377598734,if strength training is one of your 2026 goals I got you   Superset 1: 10 squats  10 shoulder press  Repeat 3x  Superset 2: 12 alternating reverse lunges  10 bicep curls  Repeat 3x  Superset 3: 10 sumo squats  10 overhead tricep extensions  Repeat 3x   Finisher: Plank hold - as long as you can! Repeat 3x  #beginnerworkout #beginnerstrengthtraining #fullbodyworkout #quickworkout,tonedwithcristina,"""fitness","food & fun clothes  🥊❤️🍓 tonedwithcristina@gmail.com""",2026-01-05T00:47:25.000Z,345500,13000,903,,41
TT-26,TikTok,strength training for beginners,https://www.tiktok.com/@tracysteen/video/7564060635273776391,"""As we age",lifting weights isn’t optional,it’s essential! It’s how we fight muscle loss,boost metabolism,protect our bones,and stay strong enough to do all the things we love. ❤️   Today’s short dumbbell arm workout will help you do exactly that! Sculpt lean muscle and build strength that lasts.   👉2 sets only,enough to challenge you with a little overload.  👉Use what you’ve got,"whether you’re at home or in the gym  👉The goal? Not perfection. It’s being able to show up again tomorrow.""",,Tracy Steen Personal Trainer
TT-27,TikTok,strength training for beginners,https://www.tiktok.com/@jordan_morgan_/video/7274999521296256288,"""WORKOUT DETAILS DOWN BELOW 👇  The perfect full body beginner workout if you’re new to the gym or training in general and want to ease yourself in slowly! These movements target your lower body","upper body and core!  Warm up as needed   3 sets:  DB goblet squat x10  Seated shoulder press x10 each side   3 sets:  KB deadlfit x10  Single arm bent over row x10 each side   3 sets:  DB pull through x10-20   Rest as needed throughout the whole workout!   #beginnerworkout #fitnesscoach #personaltrainer""",Jordan Morgan | Fitness Coach,✨FITNESS COACH✨ Link down below for coaching enquiries and programs 👇👇👇  Jordan@jordanmorganpt.com,2023-09-04T15:53:46.000Z,9200000,402400,37500,,1482
TT-28,TikTok,strength training for beginners,https://www.tiktok.com/@weshape/video/7163296796599389486,If you don't have the strength to do a regular push up then try these beginner movements you can do to help build the early foundations of working up towards doing an actual push up! #beginnerpushups #musclefoundationbuilding #beginner #pushups #upperbodystrengthening #fitnesstips #fyp,WeShape,"""Move better","feel better! Try the perfect workout for you (Click the link below)""",2022-11-07T15:30:13.000Z,59400,2058,157,,16
TT-29,TikTok,strength training for beginners,https://www.tiktok.com/@britanywilliams/video/7137809489050324267,"""How to start strength training? Start with simple exercises that target deep core strength","balance and coordination so you can build proper form and function. Save the heavy lifts for later! #coreengagement #deepcore #beginnerstrengthtraining #beginnerfitness""",Britany Williams,A realistic approach to fitness & motherhood.  Get my 20 min dumbbell workout plan,2022-08-30T23:06:20.000Z,6472,455,8,,3
TT-30,TikTok,strength training for beginners,https://www.tiktok.com/@annie.short/video/7605559334487018760,"""If I was a beginner here’s how I would get started strength training w/ hEDS (or similar)  🏋🏼‍♀️5 STEPS🏋️‍♂️  1️⃣ Find some stability exercises you can tolerate. 2-4 each for your upper body",mid section,& lower body. I have some examples on my YouTube(annieshortstrength -> upper body warmup exercises) & in my B&S course  2️⃣ Build them into a routine. The goal here is to introduce exercise WITHOUT inducing a flare. Low reps. Do each exercise 1-2x/week. You might stay here for a while,"or if""",The Hypermobile Strength Coach,"""Strength Coach & Athlete",Exercise Scientist,"w/ hEDS |🎙️Bendy&Strong""",,2026-02-11T10:54:39.000Z
TT-31,TikTok,physical activity guidelines,https://www.tiktok.com/@jennaazer08/video/7301482973403122949,#forschoolpurposes #fyp,lmaooo,B R U H,2023-11-15T00:43:03.000Z,1559,10,9,,,Short video (<60s)
TT-32,TikTok,physical activity guidelines,https://www.tiktok.com/@pediatricdrmom/video/7528287911389744439,Physical activity guidelines for kids! Time to get active! #exercise #kidsactivities #pediatrics #pediatrician #momlife,Dr. Michelle | Pediatrician,Board Certified Pediatrician👩🏻‍⚕️ Raising a Chinese Indian American 👦🏻,2025-07-18T05:22:48.000Z,29200,226,5,5,,Short video (<60s)
TT-33,TikTok,physical activity guidelines,https://www.tiktok.com/@mamaot_shannon/video/7594480101371235598,"""Physical activity isn’t just about strong bodies — it’s a huge piece of emotional regulation for toddlers & preschoolers 🧠💛  Meeting daily physical activity guidelines supports mental and emotional health",not just physical development. And for little kids,that matters more than we realize.  When toddlers & preschoolers move their bodies regularly,"we often see: ✨ Better listening & attention 😴 Better sleep quality 🥗 Improved appetite & diet variety 👨‍👩‍👧 More engagement in family routin""",Shannon | Pediatric OT,Doctor of OT | Mom of 2 No medical advice shannon@acmtalent.com,2026-01-12T14:22:33.000Z,972,,54
TT-34,TikTok,physical activity guidelines,https://www.tiktok.com/@all.ways.active/video/7068725681659579653,Reply to @teablossomscake  #physicalactivity comes in so many different forms! #workout #fittok #healthandfitness #fitnesstips #fitnessmotivation,"""Katie","MSc | Hybrid Training""",PhD Candidate Host of the All Ways Active Podcast🩵 Get Psyched to Move🧠🏃‍♀️,2022-02-25T19:05:51.000Z,4948,94,7,,4
TT-35,TikTok,physical activity guidelines,https://www.tiktok.com/@holistichealth.we/video/7459148375594716446,Physical activity,HolisticHealth & Wellness,,2025-01-12T21:45:30.000Z,3612,31,8,2,,Short video (<60s)
TT-36,TikTok,physical activity guidelines,https://www.tiktok.com/@jacbfoods/video/7564931369701281054,#greenscreen are the guidelines the problem?,JacobFoods | Nutrition,"""MS Dietetics","RD2B. Former """"primal bro"""" who escaped disordered eating and got educated. WORK WITH ME 1 ON 1 ⬇️""",2025-10-24T23:17:36.000Z,5614,389,4,,19
TT-37,TikTok,physical activity guidelines,https://www.tiktok.com/@dalyexercise/video/7498023401508900118,"""🔴🟠 Cone Collectors 🟠🔴  A fast-moving game of balance",coordination,and teamwork!⚡  Four teams start from the corners,ready to race!🏁   Their mission? Dash to the center,carefully balance a cone on your foot,and HOP your way back to your team’s hula hoop!🦶🏼🎯  Once you return,place the cone in the hoop,high five the next teammate,,"and send them sprinting into action!✋➡️  If the cone falls? No worries—just pop it back on and keep hopping!✅  This game is packed with fundamental movemen"""
TT-38,TikTok,physical activity guidelines,https://www.tiktok.com/@geniusauladkubangkerian/video/7535813135165328658,5 ANDALUS: PHYSICAL ACTIVITY!  Physical activity - Follow the instructions 👏  #geniusauladkubangkerian  #gogenius  #preschool #5andalus #lessonbeyondclassroom,geniusauladkubangkerian,Genius Aulad Kubang Kerian Playschool.Preschool 0196370185 for any inquiries ☺️,2025-08-07T12:03:46.000Z,28400,362,212,1,,Short video (<60s)
TT-39,TikTok,physical activity guidelines,https://www.tiktok.com/@carriebrownflint/video/7610984670418750733,"""Add movement to your dynamic warm-up.   Rather than waiting at one side for everybody to finish and then a new activity keep your students moving and engaged.  First round jumping jacks next round squats next round Burpee’s be creative but when they finish to the end","they don’t stand and wait. They run back to the beginning of the line and keep on going. I do 20 seconds and then 10 seconds Jeopardy they all returned to the front of the line for the next exercise #dynamicwarmup #PhysicalEducatio""",Carrie Flint,National Presenter/PD/Consulting Class management /PE and APE https://carrieflint.com/contact/  https://carrieflint.com,2026-02-26T01:48:04.000Z,3318,124,23,,2
TT-40,TikTok,physical activity guidelines,https://www.tiktok.com/@littlecaliphs.hululangat/video/7496704071940721936,Physical Development ⚽️  Focus : Gripping and Walking   #LCHL #littlecaliphshululangat #tadikamukminpintar #tadikahululangat #tadikalittlecaliphs #LittleCaliphs2025 #IslamicKindergarten #IslamicEnglishCreative #JomPandaikanAnakDiLittleCaliphs2025,Little Caliphs Hulu Langat,https://wa.me/60187689044,2025-04-24T02:41:18.000Z,8659,53,26,,,Short video (<60s)
TT-41,TikTok,home workout routine,https://www.tiktok.com/@lovevenuio1/video/7604632987061308690,"""3MINS SIMPLE ABS FULL WORKOUT AT HOME",,"💪🥰  no GYM? no PROBLEM. you can do this at home..  Most requested ABS WORKOUT FOR BEGGINNERS.. 💪💪🥰 try it.. 20seconds each workout 1 rep only..  #homeworkout  #notProfessional""",IG uioloveven01,FB: Nylamevol Uiogab   🇨🇿 👉 🇸🇦 LightAndKnight01,2026-02-08T23:00:02.000Z,46300,1263,,140
TT-42,TikTok,home workout routine,https://www.tiktok.com/@justtcocoo/video/7606595556332391694,Strength x pilates 6 week challenge starts MONDAY!! Who’s ready?! Full workout in my bio! #fullbodyworkout #homeworkout #workoutmotivation #pilates #workoutsforwomen,Courteney Fisher,The Strength x Pilates Coach Creator of Fit with Coco STRENGTH X PILATES 6 WEEK CHALLENGE👇,2026-02-14T05:55:55.000Z,1400000,50600,12400,139,,Short video (<60s)
TT-43,TikTok,home workout routine,https://www.tiktok.com/@diana.and.vlog/video/7607867418240699655,"""#fit#fitness#workout#homeworkout#wellness  home workout",lazy workout,yoga,pilates at home,Pilates,lose weight,workout,workout for  beginners,,Wellness
TT-44,TikTok,home workout routine,https://www.tiktok.com/@you1stlondon/video/7609351451659291926,Save this abs routine and try at home 🔥 #abs #homeworkout #absworkout #fyp #viral,You1stlondon,💪🏾 Fitness Model @Frank  🎥 Content Creator 📧: hello@you1stlondon.co.uk,2026-02-21T16:10:03.000Z,102000,5314,2457,87,,Short video (<60s)
TT-45,TikTok,home workout routine,https://www.tiktok.com/@sashalusslover/video/7606362521041194262,the workoutsplit for toned legs at home!! remember about rest days💗 hoodie: @SCUFFERS #tonedlegs #legsworkout #workoutsplit #athomeworkout #creatorsearchinsights,🧘🏼‍♀️🎀,Pilates Girl | Fitness & Wellness 💌: collabnikolaspilates@gmail.com            full vids on YT angel 💕✨,2026-02-13T14:51:28.000Z,441100,29100,916,223,,Short video (<60s)
TT-46,TikTok,home workout routine,https://www.tiktok.com/@ccristina_fit/video/7607839990176943390,"""TWO dumbbell-only full body workouts + ONE deep core workout 💖  I get it! As a busy mom",spending hours in the gym may not be possible but if you have a pair of dumbbells,you can do this routine at home. 🙌  I LOVE the deep core day designed to strengthen your transverse abdominis (deep core) which acts like a deep,internal “corset” to stabilize the spine,improve core function,"and even reduce low back pain.   I hope this is helpful to all my mamas 🫶  ✨Follow for more ✨   #freeguide #workou""",Cristina Colyer,I help women lose fat & build muscle | NASM CPT & CNC ✨  FB:Cristina Fit & IG: @ccristina_fit,,2026-02-17T14:25:35.000Z
TT-47,TikTok,home workout routine,https://www.tiktok.com/@arielyu.fit/video/7610468048700525838,"""3-minute full body workout. Just press play and move with us @Be Simple weaty","and perfect for burning fat while sculpting full body  #homeworkout #workoutathome #gluteworkout #legday #lowerbodyworkout""",Ariel Yu,ArielYuFitTT@gmail.com,2026-02-24T16:23:48.000Z,1500000,38100,5276,,94
TT-48,TikTok,home workout routine,https://www.tiktok.com/@stefano_bertola/video/7606050185525054742,How I got 6 Pack at Home✅  Code STECALI on @gornation for 10% discount and STECALI5 on @gymbeam.it for 5% discount  #calisthenics #calisthenicsworkout #abs #homeworkouts #fitness,ste_calisthenics,• 🇮🇹18 • Tutorial calisthenici💪 •@gymbeam.it / STECALI5 x 5% di sconto •@gornation / codice STECALI x 10% di sconto,2026-02-12T18:39:24.000Z,238400,15400,1166,89,,Short video (<60s)
TT-49,TikTok,home workout routine,https://www.tiktok.com/@romantrains/video/7577833006724074774,"""FULL ABS (BEGINNER) 💪 Home workout","no equipment ✅  Exercises: 1️⃣ Knee Tuck (3x8-10 reps) 2️⃣ Heel Taps (3x12-15 reps) 3️⃣ Crunch Reach (3x8-10 reps) 4️⃣ Flutter Kicks (3x20 sec.) 5️⃣ Plank to Knee (3x 10-12 reps)  #homeworkout #absworkout #coreworkout #beginnerworkout #noequipmentworkout""",StrongWithRoman,"""💪 Build muscle at Home ✅ Quick & effective training 🔥1:1 Online Coaching (DM """"COACH"""")  📩 starkmitroman@gmail.com""",2025-11-28T17:42:21.000Z,1700000,46400,10100,,257
TT-50,TikTok,home workout routine,https://www.tiktok.com/@naturallydmarie/video/7612456732576451854,March=Abs 100 reps every day for 30 days. Week 1! Who’s joining me? #30daychallenge #abchallenge #abworkout #athomeworkout,naturallydmarie,"""Mother",Fitness coach,"enjoying the life I was blessed with!""",2026-03-02T01:00:23.000Z,1182,99,,17
IG-01,Instagram,how to start exercising,https://www.instagram.com/p/DTN3lPlFMeo/,"Soooo true. I can’t explain it, but that’s how it works. 🤷🏾‍♀️  #startexercising  #starttoday  #moreenergy  #feelstronger #bettersleep",FitlifewithTheresa,,2026-01-07T16:47:00.000Z,,2,,,,Carousel
IG-02,Instagram,how to start exercising,https://www.instagram.com/p/DSnxwnaEpH7/,"💥 FREE 5-Day Jumpstart Tips Guide - Comment “tips” below and I’ll send you the link for free!   Getting started with exercising again can be SO daunting, but here’s what ALWAYS works best:   ✅ Go for a 10-15 min walk every day to get your momentum going  ✅ One core exercise a day (choose from birddogs, planks, bridges, dead bugs…)  ✅ One posture exercise or stretch a day (rotational reaches, doorway chest stretch, upper back stretch…)  ✅ Maybe start adding in one balance exercise a day (single",Megan Dahlman,,2025-12-23T21:44:59.000Z,,1174,,210,,Carousel
IG-03,Instagram,how to start exercising,https://www.instagram.com/p/DSccObbEvtc/,"The ""Fresh Start"" Vibe ✨  Ready to trade ""resolution pressure"" for ""consistent progress""? Enrollment for the MAT 2 DREAMS FITNESS & YOGA by Sophia New Year Batch is officially open! ​Whether you're looking to build strength, find your flow, or simply carve out 45 minutes of peace in a busy day—get your mat ready. ​ DM on whatsapp for Joining the class  👉9074429086. #newyearyoga #newyearfitness #onlinefitness #freshstyle #startexercising",Mattodreams Bysophia,,2025-12-19T12:05:10.000Z,,-1,,,,Carousel
IG-04,Instagram,how to start exercising,https://www.instagram.com/p/DSSvpaVDU3g/,"Get a head start of your New Year Health Goals!!!  I have day time PT SLOTS available.   WEDNESDAY 1300,1400  THURSDAY 1600, 1700  SATURDAY 1030,1130,1230  One to one OR train with a friend.   Adaptive fitness ♿️  Get in touch for details on how I can support your fitness journey. 🤗  #pt #personaltrainer #fitness #ﬁtnessgoals #2026 #fitnessjourney #startexercising #exercise #strengthttrainingforwomen #mensfitness #ladiesfitness #perimenopausefitness #menopausewellness #support #mentalhealth #ci",Natalie,,2025-12-15T17:42:28.000Z,,5,,2,,Carousel
IG-05,Instagram,how to start exercising,https://www.instagram.com/p/DR_CgV8jfUC/,"DAY #1967 DO WHAT YOU LOVE ❤️❤️  SHARE MY JOURNEY!!  Stay Active, Positive and Beautiful   #biking #bicycle #bicyclelife #streak #daily #day1967 #30km #nodaysoff #nomattertheweather #noexcuses #extreme #getactive #startexercising #stayhealthy #simple #sunday #cloudy #dowhatyoulove #Areksontheroadagain",𝓐𝓻𝓴𝓪𝓭𝓲𝓾𝓼𝔃,,2025-12-08T02:02:26.000Z,,1,,,,Carousel
IG-06,Instagram,how to start exercising,https://www.instagram.com/p/DRUl7zJCPhj/,"🎯ο σύγχρονος τρόπος ζωής  και η καθημερινότητα με την μεγάλη κατανάλωση επεξεργασμενων τροφών, το στρες ,τον κακό ύπνο και με την έλλειψη άσκησης, προκαλει στον οργανισμο μας,να αποθηκεύει  λίπος σε εσωτερικούς ιστούς. ⚠️ Βρίσκεται γύρω απο τα εσωτερικα οργανα σε φυσιολογικές ποσότητες λειτουργεί ως προστασία των οργάνων, αλλα με την αυξηση του παράγει ουσίες που επηρεάζουν αυτα τα οργανα !⚠️ Αυτο εχει σαν αποτέλεσμα να κινδυνεύει καποιος για   ●Αυξηση της χοληστερίνης >καρδιαγγειακα νοσήματα,",Well Vibe,,2025-11-21T14:24:41.000Z,,7,,1,,Carousel
IG-07,Instagram,how to start exercising,https://www.instagram.com/p/DRQy3W2Df9O/,"DAY #1949 Another day, another dose of therapy!!  SHARE MY JOURNEY!!   Stay Active, Positive and Beautiful   #bicyclelife #bicycle #cyclist #streak #daily #day1949 #30km #nodaysoff #nomattertheweather #noexcuses #extreme #dedicated #disciplined #committed #healthiswealth #startexercising #feelbetter #simple #mytherapy #therapy #wednesday #partlysunny #partlycloudy #Areksontheroadagain",𝓐𝓻𝓴𝓪𝓭𝓲𝓾𝓼𝔃,,2025-11-20T03:00:42.000Z,,1,,,,Carousel
IG-08,Instagram,how to start exercising,https://www.instagram.com/p/DRMBtr-lAvd/,"I’ve been a busy personal trainer and parent of teen athletes for what feels like forever.  I know how easy it is to be “too busy to exercise” for many parents.  Trust me when I tell you, it’s easier to take care of yourself than you think.   And exercise is the easiest way. Plus it’s fun and very rewarding.  ⭐️Why This Works (Especially Restarting Exercise) * You’re repeating the same simple workout three times, which removes overwhelm * It builds confidence fast (“I can do this — even with my",Christina Caffiero,,2025-11-18T06:34:15.000Z,,2,,,,Carousel
IG-09,Instagram,how to start exercising,https://www.instagram.com/p/DRIH0NADXqR/,Your line up!  Classes held at Unit 10 Mandale Business Park Lemington. Ne15 8sx   Find me at @ukfitness2 gym.   Classes for all!!   Come join a supportive tribe- with plenty of variety and a promise you will enjoy exercise!   Your first class is FREE!   To book- just download the free Gymcatch app and look for Fitness With Natalie.  OR just drop me a message. 🤗  No contracts  PAYG £10 per class   #fitnessforall #fitnessjourney #exerciseclasses #startexercising #fitnessfun #core #bootcamp #ladi,Natalie,,2025-11-16T18:10:37.000Z,,2,,,,Carousel
IG-10,Instagram,how to start exercising,https://www.instagram.com/p/DQMbW1cCLdR/,"🟢Σε οτι αφορά την φυσική μας κατασταση ,ο καθενας εχει εναν στοχο. Αν δεν υπαρχει στόχος, υπαρχει πρόβλημα.  Ακόμα και η διατήρηση της κατάστασης μας ,χρειαζεται έργο-συνεπεια-προσπαθεια.  🫵οποιοσδήποτε και αν ειναι ο στόχος σου ,κανένας δεν μπορει να σε αποθαρρύνει εκτός απο τον ιδιο σου τον εαυτό.-  ⚪️Το να ξεκινήσεις ειναι ΕΠΙΛΟΓΗ σου ,το να συνεχίσεις ΕΠΙΛΟΓΗ σου ,το να τα παρατήσεις ειναιΕΠΙΛΟΓΗ σου,το να προσπαθήσεις ειναι ΕΠΙΛΟΓΗ σου.-  🟢Για περισσότερους τρόπους και βίντεο  εκγύμνασης",Well Vibe,,2025-10-24T13:46:56.000Z,,11,,1,,Carousel
IG-11,Instagram,best exercises to lose weight,https://www.instagram.com/p/DVbMNNsjjEI/,"Nobody sees the early mornings!!!⁠ Nobody sees the discipline!⁠ Nobody sees the small decisions stacking up!⁠ ⁠ But your BODY does.⁠ ⁠ Your MIND does.⁠ ⁠ Every drop of sweat is a reminder that you chose EFFORT over excuses.⁠ ⁠ And as a woman who carries a lot — responsibility, pressure, expectations —⁠ moving your body is power.⁠ ⁠ It’s not punishment.⁠ It’s ownership baby⁠ ⁠ ⁠ #confidence #weightlosstips #weightlossworkout #healthylifestyle #fitnesspost",Fitness Rx 🏋🏼‍♀️ Fitness for Every Level,,2026-03-03T14:00:36.000Z,,3,,,,Carousel
IG-12,Instagram,best exercises to lose weight,https://www.instagram.com/p/DVZlNN8EhyJ/,"Morgan called it positive and family oriented — and I think what she’s really reacting to is how NORMAL it feels in here.⁠ ⁠ No weird energy or ego ⁠ ⁠ You can show up tired, stressed, out of shape, coming back from a break — and nobody flinches!! ⁠ ⁠ That safety? 🖤⁠ That’s powerful.⁠ ⁠ #confidence #weightlosstips #weightlossworkout #healthylifestyle #fitnesspost",Fitness Rx 🏋🏼‍♀️ Fitness for Every Level,,2026-03-02T23:00:21.000Z,,3,,,,Carousel
IG-13,Instagram,best exercises to lose weight,https://www.instagram.com/p/DVYyF9rjbfo/,"GLP-1 treatments are most effective when paired with regular movement. 🌿  GLP-1 works by regulating appetite, improving insulin sensitivity, and supporting metabolic function. During weight loss, however, the body can lose both fat and muscle. Movement helps signal the body to preserve lean muscle mass, which is essential for maintaining metabolism, strength, and energy levels.  Even 20 minutes of daily activity, such as walking, resistance training, or low-impact movement, can make a meaningfu",BOSTON MEDSPA & AESTHETICS,,2026-03-02T15:36:02.000Z,,-1,,,,Carousel
IG-14,Instagram,best exercises to lose weight,https://www.instagram.com/p/DVYEiqZmfWR/,SOOOOO .. I don’t believe in staying comfortable. 😛⁠ ⁠ Comfort is cute for a Sunday afternoon.⁠ It’s not cute for your goals!!!⁠ ⁠ Growth requires FRICTION.⁠ It requires you doing the thing you don’t FEEL like doing.⁠ It requires you lifting the weight you’re unsure about.⁠ ⁠ And here’s what I’ve learned — in business and in the gym:⁠ ⁠ The version of you that’s praying for more?⁠ She’s on the OTHER side of discomfort.⁠ ⁠ So when it gets hard… good!!! (I say this all the time lol)⁠ That means y,Fitness Rx 🏋🏼‍♀️ Fitness for Every Level,,2026-03-02T08:55:40.000Z,,5,,,,Carousel
IG-15,Instagram,best exercises to lose weight,https://www.instagram.com/p/DVUAtt8EzPk/,"Honestly at this point shes been here for more like 6 years -- that is what commitment looks like when it’s healthy.⁠ ⁠ Not extreme.⁠ Not obsessive.⁠ ⁠ Just consistent, adult decisions stacked over time.⁠ ⁠ At home⁠ On vacation⁠ Here in the gym⁠ ⁠ That’s how strength is built!!! (If you know Val -- you KNOW she's got that part down pat!)⁠ ⁠ ⁠ #confidence #weightlosstips #weightlossworkout #healthylifestyle #fitnesspost",Fitness Rx 🏋🏼‍♀️ Fitness for Every Level,,2026-02-28T19:05:15.000Z,,6,,1,,Carousel
IG-16,Instagram,best exercises to lose weight,https://www.instagram.com/p/DVR-01xEtOF/,“I literally cannot recommend it enough.”⁠ ⁠ That’s not hype.⁠ ⁠ That’s someone who found her people. 🥹⁠ ⁠ Coaches who push.⁠ Classes that challenge.⁠ An environment where you’re allowed to grow. 🌱⁠ ⁠ ⁠ #confidence #weightlosstips #weightlossworkout #healthylifestyle #fitnesspost,Fitness Rx 🏋🏼‍♀️ Fitness for Every Level,,2026-02-28T00:10:15.000Z,,7,,1,,Carousel
IG-17,Instagram,best exercises to lose weight,https://www.instagram.com/p/DVQA8QVjkI3/,Strength isn’t given!!!⁠ It’s BUILT!⁠ ⁠ It’s built in the early mornings.⁠ In the LAST rep.⁠ In the reps you don’t WANT to do.⁠ ⁠ Nobody can hand you confidence either.... ⁠ Nobody can hand you results..... ⁠ ⁠ But if you’re willing to work for it —⁠ We’ll be right here beside you. 🫡🥰⁠ ⁠ ⁠ #confidence #weightlosstips #weightlossworkout #healthylifestyle,Fitness Rx 🏋🏼‍♀️ Fitness for Every Level,,2026-02-27T05:50:23.000Z,,8,,2,,Carousel
IG-18,Instagram,best exercises to lose weight,https://www.instagram.com/p/DVPbLMrgFA9/,"“I actually enjoy waking up early.”⁠ ⁠ Read that again.⁠ ⁠ A grown woman with responsibilities (kids, work etc)⁠ choosing to wake up early… to lift weights.⁠ ⁠ Because she feels better after.⁠ Because she’s proud after!!!⁠ Because soreness hits different when it’s earned. 🌅🔥⁠ and because she's obviously a queen 👑⁠ ⁠ ⁠ #confidence #weightlosstips #weightlossworkout #healthylifestyle #fitnesspost",Fitness Rx 🏋🏼‍♀️ Fitness for Every Level,,2026-02-27T00:20:16.000Z,,2,,1,,Carousel
IG-19,Instagram,best exercises to lose weight,https://www.instagram.com/p/DVMxzatktc0/,20+ pounds down.⁠ ⁠ But.........⁠ The weight isn’t the headline.⁠ ⁠ The headline is she committed to eight weeks and followed through!!!⁠ ⁠ That’s our girl!!! ⁠ ⁠ ⁠ #confidence #weightlosstips #weightlossworkout #healthylifestyle #fitnesspost,Fitness Rx 🏋🏼‍♀️ Fitness for Every Level,,2026-02-25T23:40:15.000Z,,8,,,,Carousel
IG-20,Instagram,best exercises to lose weight,https://www.instagram.com/p/DVITHPQDbBp/,@smoothieonlysmoothie  🍇smoothie diet full plan🍎👇           Link in our bio  #fitnessmotivation #fitnesslife #workout #weightlossworkout #smoothierecipes,🍎smoothie diet lovers🍇,,2026-02-24T05:54:57.000Z,,,,,,Carousel
IG-21,Instagram,strength training for beginners,https://www.instagram.com/p/DVa0LB1FUM_/,"You want to start working out… but you’re scared of getting hurt again.⁠ ⁠ That hesitation? It makes sense.⁠ Most gyms throw you into random workouts and hope you figure it out.⁠ ⁠ At Courage Fitness Durham, we don’t do one-size-fits-all.⁠ ⁠ Our Quick Launch Program was built for people who want structure, support, and a real plan from day one.⁠ ⁠ Here’s what you actually get:⁠ ⁠ • A Day 1 Goal-Setting Session so we understand you, your history, your goals, your limits⁠ • Two 1:1 sessions inside",Courage Fitness Durham,,2026-03-03T10:30:16.000Z,,1,,1,,Carousel
IG-22,Instagram,strength training for beginners,https://www.instagram.com/p/DVPmtu7gZUc/,"It’s the end of February.  Be honest…  How are those New Year’s resolutions going?  If you joined a cheap box gym in January, you’re not alone. They absolutely serve a purpose. They provide access and affordability.  But here’s the real question:  Have you seen progress?  Or have you: • Walked on the treadmill a few times • Done a couple random machines • Skipped days because you weren’t sure what to do • Slowly started going less  Most people don’t fail because they’re lazy. They fail because t",Farrell’s - Maple Grove,,2026-02-27T02:00:53.000Z,,8,,1,,Carousel
IG-23,Instagram,strength training for beginners,https://www.instagram.com/p/DVNIsvGDH5s/,"Everyone is a beginner when they join Farrell's Maple Grove!   One of the biggest misconceptions about starting a fitness routine is that you need to go all in, you have to be in shape, or need to be a certain age or weight to start.  You don’t.  You start slower than you think. You focus on form. You build strength safely. You fuel your body properly.  This isn’t about punishment. It’s about learning how to train in a way that actually works.  Every person you see confident in this gym once fel",Farrell’s - Maple Grove,,2026-02-26T03:00:07.000Z,,4,,1,,Carousel
IG-24,Instagram,strength training for beginners,https://www.instagram.com/p/DVKdD55DbPT/,"If you’ve been watching from a distance because you’re worried you won’t be able to keep up… this is for you.  Here's the truth, we have every level of fitness on this mat.  Busy moms. Dads restarting. People who haven't worked out in years Friends celebrating retirement Former athletes. True beginners. Members coming off injuries.  No one walks in “ready.”  Your first week isn’t about crushing it. It’s about learning how your body moves.  You have options. You choose your level. You take breaks",Farrell’s - Maple Grove,,2026-02-25T02:00:19.000Z,,3,,1,,Carousel
IG-25,Instagram,strength training for beginners,https://www.instagram.com/p/DVBmjw6DiJG/,"If you’re ready to start strength training safely, then we’re hoping to see you next Thursday!  Expert instruction, zero guesswork and a plan to take home.  For more details or to register for the Strong Foundations Workshop head to link in our bio.   #happyhealthywealthy #strengthtrainingforbeginners #strengthtrainingworkshop #portlandmainephysicaltherapy #directaccesscare",WorkFitME Mobile PT,,2026-02-21T15:30:00.000Z,,2,,,,Carousel
IG-26,Instagram,strength training for beginners,https://www.instagram.com/p/DU-mr7wDF3b/,"You know you should lift… but where do you start?  If you’ve been thinking “I should do strength training”… you’re not alone.  Common reasons people stall: • Don’t know what to do • Worry about doing it wrong • Feel self-conscious in a gym  Here’s the fix: coached small group sessions where you’re guided every step.   You’ll learn the basics, build confidence, and feel supported from day one.  Message ‘FOUNDATION’ to get started.  #radlett #strengthtrainingforbeginners #smallgrouptraining #women",FASED FITNESS CLUB RADLETT,,2026-02-20T11:33:32.000Z,,21,,5,,Carousel
IG-27,Instagram,strength training for beginners,https://www.instagram.com/p/DUk6gm1jGXv/,"Recover Stronger, Not Just Faster.  Resistance bands are one of the safest and most effective tools for rehabilitation — especially when you’re rebuilding strength after injury. They protect your joints, match your natural strength curve, and help you regain stability, mobility, and confidence without overwhelming your body.  From improving balance and functional strength to reducing pain and stiffness, resistance‑band rehab is clinically proven to support real recovery. Slow, controlled movemen",Weights & Glory,,2026-02-10T12:06:38.000Z,,2,,,,Carousel
IG-28,Instagram,strength training for beginners,https://www.instagram.com/p/DUjIe0Hkb6Z/,"Most people think they need to feel ready, strong, or pain-free before they begin strength training.  In reality, confidence usually comes after you start — especially when you’re properly supported.  Our Intro to Strength Training programme is designed to help you begin safely, build confidence gradually, and feel supported every step of the way.  👉 If the email landed in your inbox today, this is your sign to read it.  Not on our email list? Comment 'STRENGTH' for more information  LFR | Guis",Laura Franklin Rehab,,2026-02-09T19:30:07.000Z,,17,,,,Carousel
IG-29,Instagram,strength training for beginners,https://www.instagram.com/p/DUiwrx1CAKc/,Want a personal trainer that’s not only highly qualified & experienced but is also actually RELATABLE too? …. You found me 👋🏻 🙋🏼‍♀️  So if you’re being shown my profile take this as your sign - let be friends 🫶🏻  #personaltrainernewcastle #womenspersonaltrainer #femalepersonaltrainer #strengthtrainingforwomen #strengthtrainingforbeginners,Tess ✨Small Group fitness & Personal Training,,2026-02-09T16:02:10.000Z,,88,,4,,Carousel
IG-30,Instagram,strength training for beginners,https://www.instagram.com/p/DUgIXDADZY2/,"Foundations in 15 launches TUESDAY FEBRUARY 10th!!💖 this post highlights what you can expect inside this 4 week self-paced strength training program for runners you are new or getting back into strength/resistance training.  I’ve been developing this program for a long time in hopes to reach more spoonies who aren’t quite looking for the deep dive of my one on one programs but want to dip their toe into working together in a lower cost, more accessible way.  Did I mention you STILL get support","Kate B | PT, DPT | Spoonie Run Coach",,2026-02-08T15:31:20.000Z,,25,,2,,Carousel
IG-31,Instagram,physical activity guidelines,https://www.instagram.com/p/DVRYYTOjZXW/,Working on the core and more at The Pattern Hall! Mat Pilates for everyone!  Wednesday 6.45pm Friday 9am   #core #matpilatesclass #strength #feelbetterlivebetter #painfree #posture #live #pilates #pushyourboundaries #showup #selfcare #physicalactivity  #physicalactivityguidelines #physicalactivityguidelines⛹️🤸🧘,Suzannah Ford,,2026-02-27T18:34:06.000Z,,12,,4,,Carousel
IG-32,Instagram,physical activity guidelines,https://www.instagram.com/p/DVQm-xWigQn/,"Are you ready to start moving more in your everyday life?  You can teach an old dog new tricks 😀  We, along with @movingmedicineuk encourage you to take control of your wellbeing.  Even if you are a beginner, have a health condition or just want to get back into healthier habits, there's an activity out there for you. Explore activities to help you get moving at the link in the comments 👇  #PhysicalActivityGuidelines #PhysicalActivity #StartTheConversation #MovingMedicine #PartnerHub #BuildAct",Everyday Active,,2026-02-27T11:22:34.000Z,,,,1,,Carousel
IG-33,Instagram,physical activity guidelines,https://www.instagram.com/p/DVKz22tFzq6/,"Growing older doesn’t mean giving up the activities you’ve always enjoyed. Staying active can help you age safely, stay strong, and reduce your risk of injury. Learn tips for healthy aging at www.cdc.gov/still-going-strong/older-adults/index.html  #SpringIntoSummer #MoveYourWay #HealthyIowans #ActivePeopleHealthyNation #PhysicalActivityGuidelines #StillGoingStrong",moveyourwayia,,2026-02-25T05:19:31.000Z,,4,,,,Carousel
IG-34,Instagram,physical activity guidelines,https://www.instagram.com/p/DU-ladZDaxZ/,"Are you ready to start moving more in your everyday life?  Getting moving is as easy as sticking the kettle on 🍵  We, along with @movingmedicineuk encourage you to take control of your wellbeing.  Even if you are a beginner, have a health condition or just want to get back into healthier habits, there's an activity out there for you. Explore activities to help you get moving at the link in the comments 👇  #PhysicalActivityGuidelines #PhysicalActivity #StartTheConversation #MovingMedicine #Part",Everyday Active,,2026-02-20T11:22:45.000Z,,1,,1,,Carousel
IG-35,Instagram,physical activity guidelines,https://www.instagram.com/p/DUksD88j6Pv/,"Did you know there are guidelines for physical activity for adults in Australia?  150-300 minutes of moderate activity per week and twice weekly strength training.  This may include organised activity such as exercise classes, going for a walk, run or bike ride. Or maybe its mowing the lawn or dancing to your favourite music in your lunge room! It all counts and its terribly important to remain fit and strong as we age.  Need help with motivation or accountability? Need help with that sore and b",Balance Health Phillip Island,,2026-02-10T10:00:15.000Z,,2,,,,Carousel
IG-36,Instagram,physical activity guidelines,https://www.instagram.com/p/DTkI42rjVVL/,Are you ready to start moving more in your everyday life? Discover how at the link in the comments 👇  #PhysicalActivityGuidelines #MoveMore  @yourdisassist @kentcommunityhealth @kmpt_nhs @ekhuft @nhskentmedway @medwaynhs @medway_council_news @thewellbeinglink @darent_valley_hospital @visitkent @explore_kent @kcc_kent @kentlibraries @yourleisurekent @graveshambc @medwaysport @tmbc.kent @kentlibraries @visitmedway @maidstonebc @doverdc @ashfordbc @canterburycitycouncil @sevenoaksdistrictcouncil @,Everyday Active,,2026-01-16T08:21:34.000Z,,4,,1,,Carousel
IG-37,Instagram,physical activity guidelines,https://www.instagram.com/p/DTcemzojZ5K/,"This National Obesity Awareness Week, we remind you that staying active reduces the risk of obesity and many diseases and improves mental health and overall wellbeing.  🎯 But how much exercise should we be doing? The UK government has published simple guidelines that will help you set some targets for how much activity to do.  There are various ones for adults, pregnant women, disabled adults and more. You can check them out at the link in the comments below 👇  Get started today 😊  #NationalO",Everyday Active,,2026-01-13T08:57:40.000Z,,5,,1,,Carousel
IG-38,Instagram,physical activity guidelines,https://www.instagram.com/p/DTAloorDi2K/,"Regular exercise helps reduce the risk of chronic diseases like heart disease, type 2 diabetes, and some cancers.  #physicalactivitymanitoba #PhysicalActivityMatters #physicalactivityforlife #physicalactivitybenefits #physicalactivityandhealth #physicalactivityguidelines #physicalactivitypolicy #physicalactivityfacts",PhysicalActivityManitoba,,2026-01-02T13:00:03.000Z,,1,,,,Carousel
IG-39,Instagram,physical activity guidelines,https://www.instagram.com/p/DSebXakD6-I/,"Dr. Juana Willumsen, a leading technical officer at the World Health Organization (WHO), advancing global childhood health. She coordinated the organization’s first guidelines on physical activity, sedentary behavior, and sleep for children under five, and contributes significantly to policies on infant nutrition, obesity prevention, and early-life development, shaping evidence-based #strategies implemented globally.  #DrJuanaWillumsen #ChildhoodHealth #WHO #GlobalHealth #PhysicalActivityGuideli",72 Dragons Health,,2025-12-20T06:36:08.000Z,,5,,,,Carousel
IG-40,Instagram,physical activity guidelines,https://www.instagram.com/p/DSKICKvEnzY/,"Are you ready to start moving more in your everyday life?  Even gentle yoga counts as movement 🧘‍♀️  We, along with @movingmedicineuk encourage you to take control of your wellbeing.  Even if you are a beginner, have a health condition or just want to get back into healthier habits, there's an activity out there for you. Explore activities to help you get moving at the link in the comments 👇  #PhysicalActivityGuidelines #PhysicalActivity #StartTheConversation #MovingMedicine #PartnerHub #Build",Everyday Active,,2025-12-12T09:22:29.000Z,,1,,1,,Carousel
IG-41,Instagram,home workout routine,https://www.instagram.com/p/DVZeQVFjNzj/,Workout & Plates. The perfect duo 👻,Livia Voss,,2026-03-02T21:59:21.000Z,,-1,,1,,Carousel
IG-42,Instagram,home workout routine,https://www.instagram.com/p/DVTBXqIFOGC/,You’ve been training legs for months — but are you actually training your inner thighs?  Most people aren’t.  It’s not a motivation problem. It’s an activation problem.  One Pilates circle and suddenly there’s nowhere to hide.  Shaking legs. Core on fire.  That “ohhh this is what I was missing” feeling? Addictive.  #buyreformer #PilatesLife #CoreActivation #InnerThighWorkout #HomeWorkoutRoutine #LowImpactBurn #MindfulMovement #FitnessJourney,BuyReformer,,2026-02-28T09:51:31.000Z,,2,,,,Carousel
IG-43,Instagram,home workout routine,https://www.instagram.com/p/DVSQsFLAan_/,Good morning 🌞 Sabado  #homeworkout  #homeworkoutroutine  #earlypasingot  #fypviralシ  #photooftheday,Miriam Tagupa,,2026-02-28T02:46:08.000Z,,1,,1,,Carousel
IG-44,Instagram,home workout routine,https://www.instagram.com/p/DVbX6g4AQyd/,"Strength at home, confidence for life. 💪✨ New blog: At-Home Strength Training for Women Over 50 — simple exercises, practical tips, and routines designed for comfort and results. Tap the link in bio to read and start today. Link in Bio #WomenOver50 #HomeWorkout #StrengthTraining #HealthyAging #FitAfter50",Dr. K Health Coaching for Women 40+,,2026-03-03T15:44:20.000Z,,,,,,Carousel
IG-45,Instagram,home workout routine,https://www.instagram.com/p/DVbXrzUjhiV/,,Acero Gym,,2026-03-03T15:40:25.000Z,,,,1,,Carousel
IG-46,Instagram,home workout routine,https://www.instagram.com/p/DVbVO3YifMx/,Show  them  how badly you want it ❗⚜️ . . . . . . . . . .#homeworkout  . . . . . . . . . .#fitness,𝖒𝖆𝖓𝖚 ⚜️,,2026-03-03T15:19:00.000Z,,-1,,,,Carousel
IG-47,Instagram,home workout routine,https://www.instagram.com/p/DVbVAj7iEdp/,"You don’t need another diet—you need education, structure, and support. That’s what I provide for Arizona fitness and nutrition clients.  #fitnesstips #fitlife #fitnessgoals #fitnessvideo #fitstagram #workouttips #workoutgoals #fitnessmotivation #healthyhabits #workoutroutine #fitnesscoach #workoutideas #homeworkout","Personalized Fitness, Nutrition & Yoga : Certified Trainers",,2026-03-03T15:17:20.000Z,,,,,,Carousel
IG-48,Instagram,home workout routine,https://www.instagram.com/p/DVbUV-EktfN/,STARTED FROM ZERO 💥 . . . . . . . . . #fitness#feed#homeworkout,अप्पू,,2026-03-03T15:11:14.000Z,,31,,14,,Carousel
IG-49,Instagram,home workout routine,https://www.instagram.com/p/DVbTk6KDs5r/,"03.03.26  Simple 4 station, 40 minute full body workout. 3 rounds per station. 40 seconds on, 20 off.  #wod #sweat440 #homeworkout #austinfitness #fitnessmotivation",Anthony Flores,,2026-03-03T15:05:52.000Z,,2,,4,,Carousel
IG-50,Instagram,home workout routine,https://www.instagram.com/p/DVbTjN_DcnY/,Another Full body workout in the books.  Set up another routine so I'm not repeating the same exercises I did yesterday. . Also did my weigh in this morning and I've lost 3 lbs (hopefully belly fat 😂) . Today goes out to @brandyn_wayne  . . . . . . . . . . . . . #homeworkout #homegym #gymgeek #gymlife #fitness,JFrostyb,,2026-03-03T15:04:18.000Z,,,,1,,Carousel