Item_ID,Platform,Search_Term,URL,Title_Caption,Creator_Name,Creator_Credentials,Date_Posted,Views,Likes,Shares,Comments,Creator_Type,Content_Format,DISCERN_Q1,DISCERN_Q2,DISCERN_Q3,DISCERN_Q4,DISCERN_Q5,DISCERN_Q6,DISCERN_Q7,DISCERN_Q8,DISCERN_Q9,DISCERN_Q10,DISCERN_Q11,DISCERN_Q12,DISCERN_Q13,DISCERN_Q14,DISCERN_Q15,DISCERN_Q16,DISCERN_Section1,DISCERN_Section2,DISCERN_Total,DISCERN_Category,JAMA_Authorship,JAMA_Attribution,JAMA_Disclosure,JAMA_Currency,JAMA_Total,Notes
WEB-02,Website,how to start exercising,https://www.reddit.com/r/selfimprovement/comments/x7jgkr/how_the_hell_does_one_start_exercising/,How the hell does one start “exercising”? : r/selfimprovement,Reddit › r/selfimprovement,None,,,,,,General user,,2,3,3,2,2,1,1,2,2,3,2,1,3,4,2,5,16,17,38,Poor,N,Y,N,Y,2,Reddit self-improvement thread; anecdotal community advice; no credentials or references; some practical tips in comments but variable quality; date visible on post
WEB-06,Website,how to start exercising,https://www.youtube.com/watch?v=Yq3EMpaRPcE,The BEST WAY TO START WORKING OUT FOR BEGINNERS,YouTube › CHRIS HERIA,Chris Heria (calisthenics trainer),,,,,,Certified fitness professional,,2,3,4,2,1,4,4,2,4,3,1,3,3,3,2,1,22,19,42,Fair,Y,N,N,N,1,YouTube video via Google; Chris Heria demonstrates beginner exercises; no sources cited; practical visual demonstration; known fitness professional
WEB-07,Website,how to start exercising,https://www.health.harvard.edu/staying-healthy/how-to-start-exercising-if-youre-out-of-shape-,How to start exercising if you're out of shape,https://www.health.harvard.edu › staying-healthy › how...,Harvard Health Publishing Staff,,,,,,Organization,,3,5,3,2,4,3,3,2,3,5,1,3,3,4,3,2,25,22,49,Fair,N,Y,N,Y,2,Harvard Health article; partially paywalled; dated Jan 2015; references federal PA guidelines in intro; institutional credibility but limited accessible content
WEB-08,Website,how to start exercising,https://www.heart.org/en/healthy-living/fitness/getting-active/getting-started---tips-for-long-term-exercise-success,Getting Started: Tips for Long-term Exercise Success,https://www.heart.org › fitness › getting-active › getting-...,American Heart Association Staff,,,,,,Organization,,4,3,5,2,4,4,5,3,3,2,4,3,3,5,1,5,30,21,56,Good,Y,N,N,N,1,AHA getting started tips; reputable health organization; sidebar links to related fitness content; no individual author; no visible date on screenshot
WEB-09,Website,how to start exercising,https://www.nhs.uk/live-well/exercise/,Exercise,https://www.nhs.uk › live-well › exercise,NHS Staff,,,,,,Organization,,5,5,3,2,4,5,3,2,3,4,2,3,4,5,2,4,29,23,56,Good,N,N,N,N,0,NHS exercise hub page; updated Feb 2025; extensive links to age-specific guidelines and exercise videos; government health source; comprehensive resource hub
WEB-15,Website,best exercises to lose weight,https://www.muscleandstrength.com/workouts/beginner-fat-loss-workout,8 Week Fat Loss Workout for Beginners,https://www.muscleandstrength.com › workouts › begin...,Roger Lockridge (Senior Writer),,,,,,Certified fitness professional,,3,5,2,2,2,5,2,1,3,4,5,1,2,3,1,3,22,19,44,Fair,Y,N,Y,Y,3,M&S 8-week fat loss program; author identified; dated Oct 2024; supplement store bias evident; comprehensive workout detail with sets/reps; disclosure of store affiliation
WEB-16,Website,best exercises to lose weight,https://www.youtube.com/watch?v=Fz89dJTZsko,Everything That Burns More Fat Than Jogging,YouTube › Jeremy Ethier,Jeremy Ethier (BSc Kinesiology),,,,,,Certified fitness professional,,5,3,3,4,2,2,2,1,5,5,2,2,5,4,1,3,22,24,49,Fair,Y,N,Y,N,2,YouTube video via Google; Jeremy Ethier science-based fitness; BSc kinesiology; practical content comparing exercises to jogging; no visible references
WEB-18,Website,best exercises to lose weight,https://www.womenshealthmag.com/fitness/a70098294/best-calorie-burning-exercises-ranked/,"""Best Calorie Burning Exercises","Ranked By Fitness Experts""",Women's Health Staff,,,,,,Organization,,5,2,3,3,3,2,4,4,3,3,1,1,4,3,2,2,26,17,45,Fair,Y,N,N,Y,2,Women's Health ranked calorie-burning exercises; cookie wall blocked full content; expert-informed article; magazine health media format
WEB-35,Website,physical activity guidelines,https://acsm.org/education-resources/trending-topics-resources/physical-activity-guidelines/,Physical Activity Guidelines,https://acsm.org › ... › Trending Topics & Resources,ACSM Staff,,,,,,Organization,,2,4,5,2,5,5,5,1,3,4,3,4,4,4,2,5,29,24,58,Good,N,Y,N,Y,2,ACSM guidelines page; references 15 peer-reviewed papers and GETP 12th edition; gold standard exercise science organization; dated Nov 2024; Gatorade partnership noted but no explicit disclosure
WEB-41,Website,home workout routine,https://www.healthline.com/health/fitness-exercise/at-home-workouts,30 Moves to Make the Most of Your At-Home Workout,https://www.healthline.com › health › fitness-exercise,Nicole Davis CPT; Courtney Gilbert PT DPT (reviewer),,,,,,Certified fitness professional,,3,5,4,3,5,3,1,1,3,4,3,3,2,1,5,3,25,21,49,Fair,Y,Y,N,Y,3,Healthline 30 at-home exercises; CPT author + DPT medical reviewer; updated Jan 2026; 3 difficulty levels; comprehensive with verified sources
YT-02,YouTube,how to start exercising,https://www.youtube.com/watch?v=0QXaAQMwfBI,Beginner's Gym Survival Guide,Will Tennyson,None identified,2022-01-09,1889994,100000,,2620,Fitness influencer,Long video (>5min),4,3,3,1,3,5,4,1,4,5,3,1,4,4,1,2,24,22,48,Fair,N,Y,N,Y,2,Will Tennyson beginner gym survival guide; entertaining format; practical gym advice; 1.9M views; no formal credentials or references cited
YT-03,YouTube,how to start exercising,https://www.youtube.com/watch?v=2qWoegDcHMI,5 Beginner Gym Mistakes You Need to Avoid!,PictureFit,None identified,2018-09-01,4118628,110000,,2278,Fitness influencer,Long video (>5min),5,3,5,2,5,5,3,3,5,3,1,2,4,4,1,4,31,20,55,Good,Y,N,Y,Y,3,PictureFit animated fitness education; 5 beginner gym mistakes; uses some research references in animations; 4.1M views; reasonably balanced educational content
YT-06,YouTube,how to start exercising,https://www.youtube.com/watch?v=k6Qp78Hh5DI,How to start exercising when you're unfit,Trimmed,None identified,2019-12-11,192896,5800,,209,Fitness influencer,Long video (>5min),5,3,5,1,5,5,4,1,4,4,2,2,3,1,5,3,29,21,53,Good,N,N,N,Y,1,Trimmed channel; practical advice for unfit beginners; 193K views; no credentials visible; no sources cited; limited depth
YT-14,YouTube,best exercises to lose weight,https://www.youtube.com/watch?v=7fICF_O5esc,The PERFECT Workout to Lose Weight (Sets and Reps Included),ATHLEAN-X™,Jeff Cavaliere MSPT CSCS,2020-01-26,3762967,125000,,3924,Certified fitness professional,Long video (>5min),5,5,4,2,5,1,3,2,4,4,1,1,2,2,3,5,27,17,49,Fair,Y,N,N,Y,2,ATHLEAN-X Jeff Cavaliere; MSPT CSCS credentials; perfect workout for weight loss with sets/reps; 3.8M views; evidence-informed approach
YT-15,YouTube,best exercises to lose weight,https://www.youtube.com/watch?v=wXzveroBplo,the Best Workout to Lose Weight Fast 👉 Lose 10 Pounds in 3 Days,Adrian Bryant,None identified,2019-09-15,8516467,260000,,37768,Fitness influencer,Long video (>5min),3,4,4,3,5,2,2,3,4,4,3,4,2,1,1,3,26,19,48,Fair,N,N,N,Y,1,Adrian Bryant; extreme clickbait title (lose 10 lbs in 3 days); unrealistic claims; 8.5M views; no credentials; misleading and potentially harmful advice
YT-28,YouTube,strength training for beginners,https://www.youtube.com/watch?v=OJ1Dbv6YriQ,"""STRENGTH TRAINING for BEGINNERS | Build strength","get toned & speed up metabolism!""",None identified,Improved Health,,281778,,5300,Fitness influencer,309,4,4,3,5,5,1,2,2,3,3,1,1,1,1,1,3,26,11,40,Fair,N,N,N,Y,1,Improved Health channel; strength training for beginners; build strength and metabolism; 282K views; no credentials identified; basic workout content
YT-33,YouTube,physical activity guidelines,https://www.youtube.com/watch?v=Nt3Qh_oJ3YY,Guidelines for Physical Activity,Arthritis UK,Arthritis UK (healthcare organization),2020-11-24,20560,104,,,Organization,Long video (>5min),5,4,4,1,5,5,2,3,3,3,2,2,3,1,1,3,29,15,47,Fair,Y,Y,N,N,2,Arthritis UK (Versus Arthritis); established health charity; references government PA guidelines; 21K views; condition-specific but broadly applicable
YT-38,YouTube,physical activity guidelines,https://www.youtube.com/watch?v=TG2kHvDs96w,"""New Guidelines for Physical Activity (Steve Ball","PhD)""",Steve Ball PhD,MU Health,,1277,,5,Healthcare professional,,5,3,3,2,4,1,5,3,2,2,2,3,3,2,3,5,26,17,48,Fair,Y,Y,N,Y,3,MU Health with Steve Ball PhD; accredited hospital channel; references official PA guidelines; expert presenter; 1.3K views; authoritative but limited reach
YT-39,YouTube,physical activity guidelines,https://www.youtube.com/watch?v=_DmBSZC15eo,Physical activity guidelines that work,KING 5 Seattle,None identified (news organization),2019-02-02,94,1,,,Organization,Long video (>5min),2,1,4,2,4,4,2,4,3,3,3,2,4,2,2,1,23,19,43,Fair,N,N,N,Y,1,KING 5 Seattle local news segment; very brief; 94 views; limited depth on PA guidelines; no specific expert credentials shown
YT-47,YouTube,home workout routine,https://www.youtube.com/watch?v=GViX8riaHX4,30 Min FULL BODY DUMBBELL WORKOUT at Home | Muscle Building,Caroline Girvan,None identified,2020-08-03,16497410,251000,,6254,Certified fitness professional,Long video (>5min),3,1,3,1,4,2,3,1,5,1,2,2,1,3,2,1,18,16,35,Poor,N,N,N,Y,1,Caroline Girvan 30min full body dumbbell workout; 16.5M views; professional production quality; follow-along format with minimal verbal instruction or explanation
TT-13,TikTok,best exercises to lose weight,https://www.tiktok.com/@tallest.ezemba/video/7607542745942576405,Simple Beginner’s Abs Homeworkout. #exercise #homeworkout #viral #fitness,Tallest  Ezemba,Fitness Model / Virtual Personal Trainer,VIRTUAL PERSONAL TRAINER,,,1400000,33700,Certified fitness professional,24900,4,1,3,3,2,1,2,3,3,2,3,3,1,1,3,5,19,16,40,Fair,Y,N,N,Y,2,Tallest Ezemba; bio states fitness model and virtual personal trainer; home ab workout demonstration; 1.4M views; minimal caption explanation
TT-15,TikTok,best exercises to lose weight,https://www.tiktok.com/@raw.wisdom/video/7565606266635128086,No Running. No Dieting. Just Results.#foryou #viralvideos #exercises #Posture #workout #slim #core #belly #gym #gymmotivation #ladiesfitness #fitness #waist #weightloss #flatbellyworkout #backpain #back #shoulderworkout #shoulder #pain,Raw Wisdom,None identified,2025-10-26,714000,31600,2139,278,General user,Short video (<60s),4,1,2,2,2,3,3,1,4,3,2,3,1,1,1,1,18,15,34,Poor,N,N,N,Y,1,Raw Wisdom; hashtag-heavy caption; exercise compilation; no credentials; potentially misleading title (no running no dieting just results); unclear guidance
TT-27,TikTok,strength training for beginners,https://www.tiktok.com/@jordan_morgan_/video/7274999521296256288,"""WORKOUT DETAILS DOWN BELOW 👇  The perfect full body beginner workout if you’re new to the gym or training in general and want to ease yourself in slowly! These movements target your lower body","upper body and core!  Warm up as needed   3 sets:  DB goblet squat x10  Seated shoulder press x10 each side   3 sets:  KB deadlfit x10  Single arm bent over row x10 each side   3 sets:  DB pull through x10-20   Rest as needed throughout the whole workout!   #beginnerworkout #fitnesscoach #personaltrainer""",Personal Trainer / Fitness Coach,✨FITNESS COACH✨ Link down below for coaching enquiries and programs 👇👇👇  Jordan@jordanmorganpt.com,,9200000,402400,37500,Certified fitness professional,1482,5,5,3,1,3,4,2,1,1,2,1,3,3,3,3,3,24,16,43,Fair,N,Y,Y,Y,3,Jordan Morgan fitness coach; detailed beginner full body workout with sets/reps/rest guidance; 9.2M views; excellent structure for short-form content
TT-29,TikTok,strength training for beginners,https://www.tiktok.com/@britanywilliams/video/7137809489050324267,"""How to start strength training? Start with simple exercises that target deep core strength","balance and coordination so you can build proper form and function. Save the heavy lifts for later! #coreengagement #deepcore #beginnerstrengthtraining #beginnerfitness""",None identified,A realistic approach to fitness & motherhood.  Get my 20 min dumbbell workout plan,,6472,455,8,Fitness influencer,3,3,4,5,3,2,3,1,1,2,2,1,1,5,3,4,1,22,18,41,Fair,N,N,Y,Y,2,Britany Williams; realistic approach to fitness and motherhood; emphasizes core strength and proper form before heavy lifts; low engagement; brief content
TT-35,TikTok,physical activity guidelines,https://www.tiktok.com/@holistichealth.we/video/7459148375594716446,Physical activity,HolisticHealth & Wellness,None identified,2025-01-12,3612,31,8,2,Organization,Short video (<60s),2,2,1,1,3,1,2,4,4,1,2,2,1,2,2,2,16,14,32,Poor,N,N,N,Y,1,HolisticHealth and Wellness; very brief animated PA content; minimal information; low engagement; no credentials; generic health account
TT-36,TikTok,physical activity guidelines,https://www.tiktok.com/@jacbfoods/video/7564931369701281054,#greenscreen are the guidelines the problem?,JacobFoods | Nutrition,MS Dietetics / RD2B,"RD2B. Former """"primal bro"""" who escaped disordered eating and got educated. WORK WITH ME 1 ON 1 ⬇️""",,5614,389,4,Healthcare professional,19,2,2,5,3,5,2,1,2,1,2,2,1,2,2,2,5,22,12,39,Fair,N,N,N,Y,1,JacobFoods; MS Dietetics and RD2B; questions whether PA guidelines are the problem; critical/analytical approach; greenscreen format; academic credentials visible
TT-38,TikTok,physical activity guidelines,https://www.tiktok.com/@geniusauladkubangkerian/video/7535813135165328658,5 ANDALUS: PHYSICAL ACTIVITY!  Physical activity - Follow the instructions 👏  #geniusauladkubangkerian  #gogenius  #preschool #5andalus #lessonbeyondclassroom,geniusauladkubangkerian,None identified,2025-08-07,28400,362,212,1,Organization,Short video (<60s),3,1,3,2,1,2,1,1,5,1,1,2,1,1,3,1,14,14,29,Poor,N,N,Y,Y,2,Genius Aulad preschool; children doing physical activity; educational institution content aimed at young children; not health information focused; minimal PA guidance
TT-42,TikTok,home workout routine,https://www.tiktok.com/@justtcocoo/video/7606595556332391694,Strength x pilates 6 week challenge starts MONDAY!! Who’s ready?! Full workout in my bio! #fullbodyworkout #homeworkout #workoutmotivation #pilates #workoutsforwomen,Courteney Fisher,None identified (claims coach),2026-02-14,1400000,50600,12400,139,Fitness influencer,Short video (<60s),5,4,2,1,2,3,2,2,3,4,1,1,1,1,1,3,21,12,36,Poor,N,N,N,Y,1,Courteney Fisher; Strength x Pilates coach claim but no formal cert; 6 week challenge promo; dumbbell combo workout; 1.4M views; demonstration-focused
TT-45,TikTok,home workout routine,https://www.tiktok.com/@sashalusslover/video/7606362521041194262,the workoutsplit for toned legs at home!! remember about rest days💗 hoodie: @SCUFFERS #tonedlegs #legsworkout #workoutsplit #athomeworkout #creatorsearchinsights,🧘🏼‍♀️🎀,None identified,2026-02-13,441100,29100,916,223,Fitness influencer,Short video (<60s),5,4,4,2,3,1,1,2,3,1,1,3,2,1,2,2,22,13,37,Poor,N,N,Y,Y,2,sashalusslover; toned legs workout split at home; mentions rest days; SCUFFERS brand partnership visible (#ad equivalent); brief demonstration
TT-46,TikTok,home workout routine,https://www.tiktok.com/@ccristina_fit/video/7607839990176943390,"""TWO dumbbell-only full body workouts + ONE deep core workout 💖  I get it! As a busy mom",spending hours in the gym may not be possible but if you have a pair of dumbbells,NASM CPT and CNC,internal “corset” to stabilize the spine,,,,,Certified fitness professional,2026-02-17T14:25:35.000Z,5,3,5,3,2,4,2,2,3,5,1,1,1,1,4,3,26,16,45,Fair,Y,N,N,Y,2,Cristina Colyer; NASM CPT and CNC; dumbbell workouts for busy moms; discusses deep core and transverse abdominis; spine stabilization; most educational TikTok
IG-01,Instagram,how to start exercising,https://www.instagram.com/p/DTN3lPlFMeo/,"Soooo true. I can’t explain it, but that’s how it works. 🤷🏾‍♀️  #startexercising  #starttoday  #moreenergy  #feelstronger #bettersleep",FitlifewithTheresa,None identified,2026-01-07,,2,,,General user,Carousel,1,3,4,3,4,3,4,3,4,1,4,4,2,2,4,2,25,21,48,Fair,N,N,N,Y,1,FitlifewithTheresa; motivational carousel about starting exercise; no actual PA information or exercise descriptions; text overlay quotes only
IG-10,Instagram,how to start exercising,https://www.instagram.com/p/DQMbW1cCLdR/,"🟢Σε οτι αφορά την φυσική μας κατασταση ,ο καθενας εχει εναν στοχο. Αν δεν υπαρχει στόχος, υπαρχει πρόβλημα.  Ακόμα και η διατήρηση της κατάστασης μας ,χρειαζεται έργο-συνεπεια-προσπαθεια.  🫵οποιοσδήποτε και αν ειναι ο στόχος σου ,κανένας δεν μπορει να σε αποθαρρύνει εκτός απο τον ιδιο σου τον εαυτό.-  ⚪️Το να ξεκινήσεις ειναι ΕΠΙΛΟΓΗ σου ,το να συνεχίσεις ΕΠΙΛΟΓΗ σου ,το να τα παρατήσεις ειναιΕΠΙΛΟΓΗ σου,το να προσπαθήσεις ειναι ΕΠΙΛΟΓΗ σου.-  🟢Για περισσότερους τρόπους και βίντεο  εκγύμνασης",Well Vibe,None identified,2025-10-24,,11,,1,Organization,Carousel,3,2,2,1,3,5,1,1,3,2,1,3,2,1,1,1,18,13,32,Poor,Y,N,Y,Y,3,Well Vibe Greek language motivational post; about fitness goals and personal choice; no specific PA information; not in English (borderline inclusion)
IG-11,Instagram,best exercises to lose weight,https://www.instagram.com/p/DVbMNNsjjEI/,"Nobody sees the early mornings!!!⁠ Nobody sees the discipline!⁠ Nobody sees the small decisions stacking up!⁠ ⁠ But your BODY does.⁠ ⁠ Your MIND does.⁠ ⁠ Every drop of sweat is a reminder that you chose EFFORT over excuses.⁠ ⁠ And as a woman who carries a lot — responsibility, pressure, expectations —⁠ moving your body is power.⁠ ⁠ It’s not punishment.⁠ It’s ownership baby⁠ ⁠ ⁠ #confidence #weightlosstips #weightlossworkout #healthylifestyle #fitnesspost",Fitness Rx 🏋🏼‍♀️ Fitness for Every Level,None identified,2026-03-03,,3,,,Organization,Carousel,1,1,2,1,4,4,1,2,3,3,1,1,1,2,3,2,16,14,32,Poor,N,N,N,N,0,Fitness Rx purely motivational post about discipline and effort; no exercise information; empowerment messaging only; no PA guidance
IG-14,Instagram,best exercises to lose weight,https://www.instagram.com/p/DVYEiqZmfWR/,SOOOOO .. I don’t believe in staying comfortable. 😛⁠ ⁠ Comfort is cute for a Sunday afternoon.⁠ It’s not cute for your goals!!!⁠ ⁠ Growth requires FRICTION.⁠ It requires you doing the thing you don’t FEEL like doing.⁠ It requires you lifting the weight you’re unsure about.⁠ ⁠ And here’s what I’ve learned — in business and in the gym:⁠ ⁠ The version of you that’s praying for more?⁠ She’s on the OTHER side of discomfort.⁠ ⁠ So when it gets hard… good!!! (I say this all the time lol)⁠ That means y,Fitness Rx 🏋🏼‍♀️ Fitness for Every Level,None identified,2026-03-02,,5,,,Organization,Carousel,2,1,4,1,1,2,3,2,1,1,2,1,1,3,2,2,16,11,29,Poor,N,N,Y,Y,2,Fitness Rx motivational post about discomfort and growth; no actual PA information or exercise guidance; gym culture messaging
IG-18,Instagram,best exercises to lose weight,https://www.instagram.com/p/DVPbLMrgFA9/,"“I actually enjoy waking up early.”⁠ ⁠ Read that again.⁠ ⁠ A grown woman with responsibilities (kids, work etc)⁠ choosing to wake up early… to lift weights.⁠ ⁠ Because she feels better after.⁠ Because she’s proud after!!!⁠ Because soreness hits different when it’s earned. 🌅🔥⁠ and because she's obviously a queen 👑⁠ ⁠ ⁠ #confidence #weightlosstips #weightlossworkout #healthylifestyle #fitnesspost",Fitness Rx 🏋🏼‍♀️ Fitness for Every Level,None identified,2026-02-27,,2,,1,Organization,Carousel,1,1,1,1,3,1,1,2,3,1,1,1,1,3,2,1,11,12,24,Very Poor,Y,N,N,N,1,Fitness Rx client testimonial about waking early to lift weights; no PA information; motivational content only; no exercise descriptions
IG-22,Instagram,strength training for beginners,https://www.instagram.com/p/DVPmtu7gZUc/,"It’s the end of February.  Be honest…  How are those New Year’s resolutions going?  If you joined a cheap box gym in January, you’re not alone. They absolutely serve a purpose. They provide access and affordability.  But here’s the real question:  Have you seen progress?  Or have you: • Walked on the treadmill a few times • Done a couple random machines • Skipped days because you weren’t sure what to do • Slowly started going less  Most people don’t fail because they’re lazy. They fail because t",Farrell’s - Maple Grove,None identified,2026-02-27,,8,,1,Organization,Carousel,3,2,3,3,1,3,1,3,2,1,2,1,1,1,1,4,19,9,32,Poor,N,N,N,Y,1,Farrells Maple Grove gym; criticizing box gyms and promoting their program; marketing comparison; no specific exercise information; service promotion
IG-28,Instagram,strength training for beginners,https://www.instagram.com/p/DUjIe0Hkb6Z/,"Most people think they need to feel ready, strong, or pain-free before they begin strength training.  In reality, confidence usually comes after you start — especially when you’re properly supported.  Our Intro to Strength Training programme is designed to help you begin safely, build confidence gradually, and feel supported every step of the way.  👉 If the email landed in your inbox today, this is your sign to read it.  Not on our email list? Comment 'STRENGTH' for more information  LFR | Guis",Laura Franklin Rehab,None identified,2026-02-09,,17,,,Organization,Carousel,3,2,1,1,3,4,2,1,3,1,2,1,1,3,3,1,17,14,32,Poor,N,N,N,Y,1,Laura Franklin Rehab promoting Intro to Strength Training programme; addresses confidence and safe progression; email list CTA; limited specific PA content
IG-45,Instagram,home workout routine,https://www.instagram.com/p/DVbXrzUjhiV/,,Acero Gym,None identified,2026-03-03,,,,1,Organization,Carousel,1,1,1,2,2,1,1,1,1,1,1,1,1,2,2,1,10,9,20,Very Poor,N,N,N,Y,1,Acero Gym; empty caption; no PA information visible; gym promotional post with no substantive content
IG-47,Instagram,home workout routine,https://www.instagram.com/p/DVbVAj7iEdp/,"You don’t need another diet—you need education, structure, and support. That’s what I provide for Arizona fitness and nutrition clients.  #fitnesstips #fitlife #fitnessgoals #fitnessvideo #fitstagram #workouttips #workoutgoals #fitnessmotivation #healthyhabits #workoutroutine #fitnesscoach #workoutideas #homeworkout","Personalized Fitness, Nutrition & Yoga : Certified Trainers",Certified Trainers,2026-03-03,,,,,Certified fitness professional,Carousel,3,2,2,2,1,1,1,1,1,1,1,1,1,1,1,1,13,7,21,Very Poor,Y,N,Y,Y,3,Personalized Fitness Nutrition and Yoga; certified trainers in Arizona; caption about needing education and support; no specific PA information; service promotion
IG-50,Instagram,home workout routine,https://www.instagram.com/p/DVbTjN_DcnY/,Another Full body workout in the books.  Set up another routine so I'm not repeating the same exercises I did yesterday. . Also did my weigh in this morning and I've lost 3 lbs (hopefully belly fat 😂) . Today goes out to @brandyn_wayne  . . . . . . . . . . . . . #homeworkout #homegym #gymgeek #gymlife #fitness,JFrostyb,None identified,2026-03-03,,,,1,General user,Carousel,1,4,1,2,2,3,1,1,3,1,1,1,2,2,1,1,15,11,27,Poor,N,N,N,Y,1,JFrostyb personal home workout log; mentions full body routine and weight loss; no exercise descriptions; personal diary-style post
